# WaveFront *.obj file (generated by Autodesk ATF)

mtllib tingzi_base.mtl

g Base

v 0.001260 0.009283 0.014000
v 0.001260 0.007930 0.014000
v 0.001260 0.007930 0.015000
v 0.001260 0.009283 0.015000
v 0.000321 0.007930 0.014000
v 0.000321 0.007930 0.015000
v 0.001260 0.007592 0.014000
v 0.001260 0.006874 0.014000
v 0.001260 0.006874 0.015000
v 0.001260 0.007592 0.015000
v -0.000041 0.007592 0.014000
v -0.000041 0.007592 0.015000
v -0.000041 0.007930 0.014000
v -0.000041 0.007930 0.015000
v 0.001328 0.009874 0.014000
v 0.001328 0.009874 0.015000
v 0.001629 0.009874 0.014000
v 0.001629 0.009874 0.015000
v 0.001629 0.007930 0.014000
v 0.001629 0.007930 0.015000
v 0.002034 0.007930 0.014000
v 0.002034 0.007930 0.015000
v 0.002034 0.007592 0.014000
v 0.002034 0.007592 0.015000
v 0.001629 0.007592 0.014000
v 0.001629 0.007592 0.015000
v 0.001629 0.006874 0.014000
v 0.001629 0.006874 0.015000
v -0.003045 0.003033 0.014000
v -0.003413 0.002984 0.014000
v -0.003413 0.002984 0.015000
v -0.003045 0.003033 0.015000
v -0.002829 0.002582 0.014000
v -0.002908 0.002682 0.014000
v -0.002972 0.002790 0.014000
v -0.003015 0.002908 0.014000
v -0.003015 0.002908 0.015000
v -0.002972 0.002790 0.015000
v -0.002908 0.002682 0.015000
v -0.002829 0.002582 0.015000
v -0.002458 0.002444 0.014000
v -0.002560 0.002454 0.014000
v -0.002657 0.002477 0.014000
v -0.002746 0.002522 0.014000
v -0.002746 0.002522 0.015000
v -0.002657 0.002477 0.015000
v -0.002560 0.002454 0.015000
v -0.002458 0.002444 0.015000
v -0.002019 0.002624 0.014000
v -0.002116 0.002547 0.014000
v -0.002220 0.002488 0.014000
v -0.002335 0.002457 0.014000
v -0.002335 0.002457 0.015000
v -0.002220 0.002488 0.015000
v -0.002116 0.002547 0.015000
v -0.002019 0.002624 0.015000
v -0.001840 0.003070 0.014000
v -0.001853 0.002945 0.014000
v -0.001883 0.002828 0.014000
v -0.001942 0.002722 0.014000
v -0.001942 0.002722 0.015000
v -0.001883 0.002828 0.015000
v -0.001853 0.002945 0.015000
v -0.001840 0.003070 0.015000
v -0.002006 0.003488 0.014000
v -0.001934 0.003396 0.014000
v -0.001879 0.003296 0.014000
v -0.001852 0.003186 0.014000
v -0.001852 0.003186 0.015000
v -0.001879 0.003296 0.015000
v -0.001934 0.003396 0.015000
v -0.002006 0.003488 0.015000
v -0.002427 0.003653 0.014000
v -0.002310 0.003641 0.014000
v -0.002199 0.003614 0.014000
v -0.002099 0.003559 0.014000
v -0.002099 0.003559 0.015000
v -0.002199 0.003614 0.015000
v -0.002310 0.003641 0.015000
v -0.002427 0.003653 0.015000
v -0.002687 0.003612 0.014000
v -0.002623 0.003628 0.014000
v -0.002558 0.003641 0.014000
v -0.002493 0.003648 0.014000
v -0.002493 0.003648 0.015000
v -0.002558 0.003641 0.015000
v -0.002623 0.003628 0.015000
v -0.002687 0.003612 0.015000
v -0.002646 0.003935 0.014000
v -0.002646 0.003935 0.015000
v -0.002587 0.003931 0.014000
v -0.002602 0.003932 0.014000
v -0.002616 0.003933 0.014000
v -0.002631 0.003934 0.014000
v -0.002631 0.003934 0.015000
v -0.002616 0.003933 0.015000
v -0.002602 0.003932 0.015000
v -0.002587 0.003931 0.015000
v -0.002163 0.004054 0.014000
v -0.002263 0.004002 0.014000
v -0.002366 0.003961 0.014000
v -0.002475 0.003940 0.014000
v -0.002475 0.003940 0.015000
v -0.002366 0.003961 0.015000
v -0.002263 0.004002 0.015000
v -0.002163 0.004054 0.015000
v -0.001975 0.004433 0.014000
v -0.001987 0.004320 0.014000
v -0.001999 0.004267 0.014000
v -0.002018 0.004217 0.014000
v -0.002046 0.004172 0.014000
v -0.002081 0.004131 0.014000
v -0.002081 0.004131 0.015000
v -0.002046 0.004172 0.015000
v -0.002018 0.004217 0.015000
v -0.001999 0.004267 0.015000
v -0.001987 0.004320 0.015000
v -0.001975 0.004433 0.015000
v -0.002112 0.004768 0.014000
v -0.002053 0.004694 0.014000
v -0.002008 0.004615 0.014000
v -0.001985 0.004527 0.014000
v -0.001985 0.004527 0.015000
v -0.002008 0.004615 0.015000
v -0.002053 0.004694 0.015000
v -0.002112 0.004768 0.015000
v -0.002466 0.004901 0.014000
v -0.002368 0.004892 0.014000
v -0.002275 0.004870 0.014000
v -0.002191 0.004826 0.014000
v -0.002191 0.004826 0.015000
v -0.002275 0.004870 0.015000
v -0.002368 0.004892 0.015000
v -0.002466 0.004901 0.015000
v -0.002824 0.004766 0.014000
v -0.002744 0.004824 0.014000
v -0.002659 0.004869 0.014000
v -0.002565 0.004892 0.014000
v -0.002565 0.004892 0.015000
v -0.002659 0.004869 0.015000
v -0.002744 0.004824 0.015000
v -0.002824 0.004766 0.015000
v -0.003008 0.004361 0.014000
v -0.002985 0.004473 0.014000
v -0.002950 0.004580 0.014000
v -0.002894 0.004676 0.014000
v -0.002894 0.004676 0.015000
v -0.002950 0.004580 0.015000
v -0.002985 0.004473 0.015000
v -0.003008 0.004361 0.015000
v -0.003377 0.004426 0.014000
v -0.003377 0.004426 0.015000
v -0.003070 0.005000 0.014000
v -0.003182 0.004876 0.014000
v -0.003274 0.004741 0.014000
v -0.003334 0.004589 0.014000
v -0.003334 0.004589 0.015000
v -0.003274 0.004741 0.015000
v -0.003182 0.004876 0.015000
v -0.003070 0.005000 0.015000
v -0.002474 0.005204 0.014000
v -0.002636 0.005190 0.014000
v -0.002791 0.005157 0.014000
v -0.002934 0.005089 0.014000
v -0.002934 0.005089 0.015000
v -0.002791 0.005157 0.015000
v -0.002636 0.005190 0.015000
v -0.002474 0.005204 0.015000
v -0.002022 0.005099 0.014000
v -0.002131 0.005144 0.014000
v -0.002242 0.005179 0.014000
v -0.002357 0.005196 0.014000
v -0.002357 0.005196 0.015000
v -0.002242 0.005179 0.015000
v -0.002131 0.005144 0.015000
v -0.002022 0.005099 0.015000
v -0.001706 0.004811 0.014000
v -0.001771 0.004899 0.014000
v -0.001843 0.004977 0.014000
v -0.001929 0.005042 0.014000
v -0.001929 0.005042 0.015000
v -0.001843 0.004977 0.015000
v -0.001771 0.004899 0.015000
v -0.001706 0.004811 0.015000
v -0.001596 0.004424 0.014000
v -0.001605 0.004526 0.014000
v -0.001624 0.004625 0.014000
v -0.001660 0.004720 0.014000
v -0.001660 0.004720 0.015000
v -0.001624 0.004625 0.015000
v -0.001605 0.004526 0.015000
v -0.001596 0.004424 0.015000
v -0.001701 0.004070 0.014000
v -0.001656 0.004154 0.014000
v -0.001622 0.004240 0.014000
v -0.001604 0.004331 0.014000
v -0.001604 0.004331 0.015000
v -0.001622 0.004240 0.015000
v -0.001656 0.004154 0.015000
v -0.001701 0.004070 0.015000
v -0.002010 0.003817 0.014000
v -0.001920 0.003865 0.014000
v -0.001837 0.003922 0.014000
v -0.001765 0.003992 0.014000
v -0.001765 0.003992 0.015000
v -0.001837 0.003922 0.015000
v -0.001920 0.003865 0.015000
v -0.002010 0.003817 0.015000
v -0.001596 0.003562 0.014000
v -0.001684 0.003651 0.014000
v -0.001780 0.003726 0.014000
v -0.001891 0.003778 0.014000
v -0.001891 0.003778 0.015000
v -0.001780 0.003726 0.015000
v -0.001684 0.003651 0.015000
v -0.001596 0.003562 0.015000
v -0.001449 0.003078 0.014000
v -0.001458 0.003207 0.014000
v -0.001482 0.003333 0.014000
v -0.001531 0.003450 0.014000
v -0.001531 0.003450 0.015000
v -0.001482 0.003333 0.015000
v -0.001458 0.003207 0.015000
v -0.001449 0.003078 0.015000
v -0.001735 0.002412 0.014000
v -0.001615 0.002557 0.014000
v -0.001521 0.002714 0.014000
v -0.001472 0.002890 0.014000
v -0.001472 0.002890 0.015000
v -0.001521 0.002714 0.015000
v -0.001615 0.002557 0.015000
v -0.001735 0.002412 0.015000
v -0.002460 0.002139 0.014000
v -0.002260 0.002158 0.014000
v -0.002070 0.002203 0.014000
v -0.001897 0.002293 0.014000
v -0.001897 0.002293 0.015000
v -0.002070 0.002203 0.015000
v -0.002260 0.002158 0.015000
v -0.002460 0.002139 0.015000
v -0.003116 0.002374 0.014000
v -0.002968 0.002272 0.014000
v -0.002811 0.002194 0.014000
v -0.002639 0.002155 0.014000
v -0.002639 0.002155 0.015000
v -0.002811 0.002194 0.015000
v -0.002968 0.002272 0.015000
v -0.003116 0.002374 0.015000
v -0.003379 0.002811 0.014000
v -0.003323 0.002650 0.014000
v -0.003231 0.002506 0.014000
v -0.003231 0.002506 0.015000
v -0.003323 0.002650 0.015000
v -0.003379 0.002811 0.015000
v 0.002016 0.002192 0.014000
v 0.002016 0.002546 0.014000
v 0.002016 0.002546 0.015000
v 0.002016 0.002192 0.015000
v 0.000033 0.002192 0.014000
v 0.000033 0.002192 0.015000
v 0.000076 0.002448 0.014000
v 0.000056 0.002385 0.014000
v 0.000041 0.002322 0.014000
v 0.000035 0.002257 0.014000
v 0.000035 0.002257 0.015000
v 0.000041 0.002322 0.015000
v 0.000056 0.002385 0.015000
v 0.000076 0.002448 0.015000
v 0.000318 0.002847 0.014000
v 0.000246 0.002754 0.014000
v 0.000179 0.002658 0.014000
v 0.000124 0.002555 0.014000
v 0.000124 0.002555 0.015000
v 0.000179 0.002658 0.015000
v 0.000246 0.002754 0.015000
v 0.000318 0.002847 0.015000
v 0.000800 0.003301 0.014000
v 0.000673 0.003194 0.014000
v 0.000549 0.003084 0.014000
v 0.000432 0.002968 0.014000
v 0.000432 0.002968 0.015000
v 0.000549 0.003084 0.015000
v 0.000673 0.003194 0.015000
v 0.000800 0.003301 0.015000
v 0.001461 0.003936 0.014000
v 0.001309 0.003764 0.014000
v 0.001148 0.003601 0.014000
v 0.000977 0.003448 0.014000
v 0.000977 0.003448 0.015000
v 0.001148 0.003601 0.015000
v 0.001309 0.003764 0.015000
v 0.001461 0.003936 0.015000
v 0.001633 0.004379 0.014000
v 0.001615 0.004259 0.014000
v 0.001582 0.004145 0.014000
v 0.001528 0.004038 0.014000
v 0.001528 0.004038 0.015000
v 0.001582 0.004145 0.015000
v 0.001615 0.004259 0.015000
v 0.001633 0.004379 0.015000
v 0.001476 0.004749 0.014000
v 0.001543 0.004668 0.014000
v 0.001594 0.004581 0.014000
v 0.001621 0.004483 0.014000
v 0.001621 0.004483 0.015000
v 0.001594 0.004581 0.015000
v 0.001543 0.004668 0.015000
v 0.001476 0.004749 0.015000
v 0.001068 0.004899 0.014000
v 0.001181 0.004889 0.014000
v 0.001288 0.004865 0.014000
v 0.001385 0.004815 0.014000
v 0.001385 0.004815 0.015000
v 0.001288 0.004865 0.015000
v 0.001181 0.004889 0.015000
v 0.001068 0.004899 0.015000
v 0.000642 0.004740 0.014000
v 0.000737 0.004810 0.014000
v 0.000838 0.004863 0.014000
v 0.000950 0.004889 0.014000
v 0.000950 0.004889 0.015000
v 0.000838 0.004863 0.015000
v 0.000737 0.004810 0.015000
v 0.000642 0.004740 0.015000
v 0.000481 0.004298 0.014000
v 0.000491 0.004420 0.014000
v 0.000517 0.004535 0.014000
v 0.000571 0.004641 0.014000
v 0.000571 0.004641 0.015000
v 0.000517 0.004535 0.015000
v 0.000491 0.004420 0.015000
v 0.000481 0.004298 0.015000
v 0.000102 0.004336 0.014000
v 0.000102 0.004336 0.015000
v 0.000395 0.004982 0.014000
v 0.000277 0.004841 0.014000
v 0.000185 0.004689 0.014000
v 0.000133 0.004518 0.014000
v 0.000133 0.004518 0.015000
v 0.000185 0.004689 0.015000
v 0.000277 0.004841 0.015000
v 0.000395 0.004982 0.015000
v 0.001076 0.005204 0.014000
v 0.000891 0.005191 0.014000
v 0.000714 0.005156 0.014000
v 0.000550 0.005082 0.014000
v 0.000550 0.005082 0.015000
v 0.000714 0.005156 0.015000
v 0.000891 0.005191 0.015000
v 0.001076 0.005204 0.015000
v 0.001760 0.004965 0.014000
v 0.001606 0.005072 0.014000
v 0.001442 0.005152 0.014000
v 0.001264 0.005190 0.014000
v 0.001264 0.005190 0.015000
v 0.001442 0.005152 0.015000
v 0.001606 0.005072 0.015000
v 0.001760 0.004965 0.015000
v 0.002011 0.004371 0.014000
v 0.001992 0.004538 0.014000
v 0.001949 0.004695 0.014000
v 0.001866 0.004835 0.014000
v 0.001866 0.004835 0.015000
v 0.001949 0.004695 0.015000
v 0.001992 0.004538 0.015000
v 0.002011 0.004371 0.015000
v 0.001938 0.004017 0.014000
v 0.001969 0.004103 0.014000
v 0.001993 0.004190 0.014000
v 0.002005 0.004280 0.014000
v 0.002005 0.004280 0.015000
v 0.001993 0.004190 0.015000
v 0.001969 0.004103 0.015000
v 0.001938 0.004017 0.015000
v 0.001693 0.003651 0.014000
v 0.001764 0.003736 0.014000
v 0.001830 0.003824 0.014000
v 0.001887 0.003919 0.014000
v 0.001887 0.003919 0.015000
v 0.001830 0.003824 0.015000
v 0.001764 0.003736 0.015000
v 0.001693 0.003651 0.015000
v 0.001125 0.003123 0.014000
v 0.001273 0.003249 0.014000
v 0.001418 0.003378 0.014000
v 0.001558 0.003512 0.014000
v 0.001558 0.003512 0.015000
v 0.001418 0.003378 0.015000
v 0.001273 0.003249 0.015000
v 0.001125 0.003123 0.015000
v 0.000700 0.002745 0.014000
v 0.000803 0.002843 0.014000
v 0.000908 0.002939 0.014000
v 0.001016 0.003032 0.014000
v 0.001016 0.003032 0.015000
v 0.000908 0.002939 0.015000
v 0.000803 0.002843 0.015000
v 0.000700 0.002745 0.015000
v 0.000544 0.002546 0.014000
v 0.000579 0.002599 0.014000
v 0.000617 0.002650 0.014000
v 0.000657 0.002698 0.014000
v 0.000657 0.002698 0.015000
v 0.000617 0.002650 0.015000
v 0.000579 0.002599 0.015000
v 0.000544 0.002546 0.015000
v -0.003029 0.007693 0.014000
v -0.003416 0.007660 0.014000
v -0.003416 0.007660 0.015000
v -0.003029 0.007693 0.015000
v -0.002829 0.007268 0.014000
v -0.002905 0.007361 0.014000
v -0.002966 0.007462 0.014000
v -0.003004 0.007574 0.014000
v -0.003004 0.007574 0.015000
v -0.002966 0.007462 0.015000
v -0.002905 0.007361 0.015000
v -0.002829 0.007268 0.015000
v -0.002452 0.007126 0.014000
v -0.002556 0.007136 0.014000
v -0.002654 0.007160 0.014000
v -0.002744 0.007207 0.014000
v -0.002744 0.007207 0.015000
v -0.002654 0.007160 0.015000
v -0.002556 0.007136 0.015000
v -0.002452 0.007126 0.015000
v -0.002001 0.007326 0.014000
v -0.002099 0.007242 0.014000
v -0.002205 0.007176 0.014000
v -0.002324 0.007142 0.014000
v -0.002324 0.007142 0.015000
v -0.002205 0.007176 0.015000
v -0.002099 0.007242 0.015000
v -0.002001 0.007326 0.015000
v -0.001817 0.007858 0.014000
v -0.001829 0.007713 0.014000
v -0.001858 0.007574 0.014000
v -0.001920 0.007446 0.014000
v -0.001920 0.007446 0.015000
v -0.001858 0.007574 0.015000
v -0.001829 0.007713 0.015000
v -0.001817 0.007858 0.015000
v -0.001994 0.008356 0.014000
v -0.001915 0.008244 0.014000
v -0.001856 0.008125 0.014000
v -0.001828 0.007995 0.014000
v -0.001828 0.007995 0.015000
v -0.001856 0.008125 0.015000
v -0.001915 0.008244 0.015000
v -0.001994 0.008356 0.015000
v -0.002458 0.008538 0.014000
v -0.002329 0.008525 0.014000
v -0.002207 0.008495 0.014000
v -0.002097 0.008435 0.014000
v -0.002097 0.008435 0.015000
v -0.002207 0.008495 0.015000
v -0.002329 0.008525 0.015000
v -0.002458 0.008538 0.015000
v -0.002779 0.008457 0.014000
v -0.002702 0.008492 0.014000
v -0.002624 0.008518 0.014000
v -0.002542 0.008532 0.014000
v -0.002542 0.008532 0.015000
v -0.002624 0.008518 0.015000
v -0.002702 0.008492 0.015000
v -0.002779 0.008457 0.015000
v -0.003004 0.008247 0.014000
v -0.002957 0.008309 0.014000
v -0.002905 0.008366 0.014000
v -0.002844 0.008414 0.014000
v -0.002844 0.008414 0.015000
v -0.002905 0.008366 0.015000
v -0.002957 0.008309 0.015000
v -0.003004 0.008247 0.015000
v -0.003350 0.008292 0.014000
v -0.003350 0.008292 0.015000
v -0.003059 0.009833 0.014000
v -0.003059 0.009833 0.015000
v -0.001568 0.009833 0.014000
v -0.001568 0.009833 0.015000
v -0.001568 0.009481 0.014000
v -0.001568 0.009481 0.015000
v -0.002765 0.009481 0.014000
v -0.002765 0.009481 0.015000
v -0.002926 0.008675 0.014000
v -0.002926 0.008675 0.015000
v -0.002360 0.008863 0.014000
v -0.002511 0.008847 0.014000
v -0.002658 0.008813 0.014000
v -0.002795 0.008752 0.014000
v -0.002795 0.008752 0.015000
v -0.002658 0.008813 0.015000
v -0.002511 0.008847 0.015000
v -0.002360 0.008863 0.015000
v -0.001697 0.008591 0.014000
v -0.001843 0.008706 0.014000
v -0.002000 0.008796 0.014000
v -0.002174 0.008842 0.014000
v -0.002174 0.008842 0.015000
v -0.002000 0.008796 0.015000
v -0.001843 0.008706 0.015000
v -0.001697 0.008591 0.015000
v -0.001426 0.007891 0.014000
v -0.001445 0.008085 0.014000
v -0.001490 0.008269 0.014000
v -0.001579 0.008435 0.014000
v -0.001579 0.008435 0.015000
v -0.001490 0.008269 0.015000
v -0.001445 0.008085 0.015000
v -0.001426 0.007891 0.015000
v -0.001664 0.007187 0.014000
v -0.001562 0.007349 0.014000
v -0.001484 0.007518 0.014000
v -0.001444 0.007701 0.014000
v -0.001444 0.007701 0.015000
v -0.001484 0.007518 0.015000
v -0.001562 0.007349 0.015000
v -0.001664 0.007187 0.015000
v -0.002452 0.006823 0.014000
v -0.002224 0.006849 0.014000
v -0.002013 0.006910 0.014000
v -0.001918 0.006963 0.014000
v -0.001830 0.007030 0.014000
v -0.001830 0.007030 0.015000
v -0.001918 0.006963 0.015000
v -0.002013 0.006910 0.015000
v -0.002224 0.006849 0.015000
v -0.002452 0.006823 0.015000
v -0.003120 0.007052 0.014000
v -0.002968 0.006951 0.014000
v -0.002808 0.006875 0.014000
v -0.002634 0.006837 0.014000
v -0.002634 0.006837 0.015000
v -0.002808 0.006875 0.015000
v -0.002968 0.006951 0.015000
v -0.003120 0.007052 0.015000
v -0.003382 0.007488 0.014000
v -0.003327 0.007327 0.014000
v -0.003235 0.007184 0.014000
v -0.003235 0.007184 0.015000
v -0.003327 0.007327 0.015000
v -0.003382 0.007488 0.015000
v 0.025150 -0.018850 0.009950
v 0.018850 -0.018850 0.009950
v 0.018850 -0.018850 0.004000
v 0.025150 -0.018850 0.004000
v 0.025150 -0.025150 0.009950
v 0.025150 -0.025150 0.004000
v 0.018850 -0.025150 0.009950
v 0.018850 -0.025150 0.004000
v 0.025200 0.018800 0.010100
v 0.025200 0.025200 0.010100
v 0.025200 0.025200 0.004000
v 0.025200 0.018800 0.004000
v 0.018800 0.018800 0.010100
v 0.018800 0.018800 0.004000
v 0.018800 0.025200 0.010100
v 0.018800 0.025200 0.004000
v -0.018900 -0.025100 0.009800
v -0.018900 -0.018900 0.009800
v -0.018900 -0.018900 0.004000
v -0.018900 -0.025100 0.004000
v -0.025100 -0.025100 0.009800
v -0.025100 -0.025100 0.004000
v -0.025100 -0.018900 0.009800
v -0.025100 -0.018900 0.004000
v -0.025250 0.025250 0.010250
v -0.025250 0.018750 0.010250
v -0.025250 0.018750 0.004000
v -0.025250 0.025250 0.004000
v -0.018750 0.025250 0.010250
v -0.018750 0.025250 0.004000
v -0.018750 0.018750 0.010250
v -0.018750 0.018750 0.004000
v 0.026500 -0.017500 0.014000
v 0.017500 -0.017500 0.014000
v 0.026500 -0.026500 0.014000
v 0.026500 0.017500 0.014000
v 0.026500 0.026500 0.014000
v 0.017500 0.017500 0.014000
v -0.017500 -0.026500 0.014000
v -0.017500 -0.017500 0.014000
v -0.026500 -0.026500 0.014000
v -0.026500 0.026500 0.014000
v -0.026500 0.017500 0.014000
v -0.017500 0.026500 0.014000
v 0.017500 -0.026500 0.014000
v -0.026500 -0.017500 0.014000
v 0.017500 0.026500 0.014000
v -0.017500 0.017500 0.014000
v -0.030000 0.030000 0.014000
v -0.030000 -0.030000 0.014000
v 0.030000 -0.030000 0.014000
v 0.030000 0.030000 0.014000
v -0.020500 0.031500 0.000000
v -0.020500 0.020500 0.000000
v -0.020500 0.020500 -0.003000
v -0.020500 0.031500 -0.003000
v -0.031500 0.020500 0.000000
v -0.031500 0.020500 -0.003000
v -0.031500 0.031500 -0.003000
v -0.031500 0.031500 0.000000
v 0.031500 0.031500 0.000000
v 0.031500 0.020500 0.000000
v 0.031500 0.020500 -0.003000
v 0.031500 0.031500 -0.003000
v 0.020500 0.020500 0.000000
v 0.020500 0.020500 -0.003000
v 0.020500 0.031500 -0.003000
v 0.020500 0.031500 0.000000
v 0.031500 -0.020500 0.000000
v 0.031500 -0.031500 0.000000
v 0.031500 -0.031500 -0.003000
v 0.031500 -0.020500 -0.003000
v 0.020500 -0.031500 0.000000
v 0.020500 -0.031500 -0.003000
v 0.020500 -0.020500 -0.003000
v 0.020500 -0.020500 0.000000
v -0.020500 -0.020500 0.000000
v -0.020500 -0.031500 0.000000
v -0.020500 -0.031500 -0.003000
v -0.020500 -0.020500 -0.003000
v -0.031500 -0.031500 0.000000
v -0.031500 -0.031500 -0.003000
v -0.031500 -0.020500 -0.003000
v -0.031500 -0.020500 0.000000
v -0.030000 0.030000 0.010000
v -0.030000 -0.030000 0.010000
v 0.030000 -0.030000 0.010000
v 0.030000 0.030000 0.010000
v 0.034000 -0.034000 0.010000
v 0.034000 0.034000 0.010000
v -0.034000 0.034000 0.010000
v -0.034000 -0.034000 0.010000
v 0.034000 0.034000 0.000000
v 0.034000 -0.034000 0.000000
v -0.034000 -0.034000 0.000000
v -0.034000 0.034000 0.000000
vt -0.000000 0.000000 0.000000
vt 0.135266 0.000000 0.000000
vt -0.000000 0.100000 0.000000
vt 0.135266 0.100000 0.000000
vt 0.000000 0.000000 0.000000
vt 0.164680 0.000000 0.000000
vt 0.000000 0.100000 0.000000
vt 0.164680 0.100000 0.000000
vt 0.000000 0.000000 0.000000
vt 0.093929 0.000000 0.000000
vt 0.000000 0.100000 0.000000
vt 0.093929 0.100000 0.000000
vt -0.000000 0.000000 0.000000
vt 0.071828 0.000000 0.000000
vt -0.000000 0.100000 0.000000
vt 0.071828 0.100000 0.000000
vt 0.000000 0.000000 0.000000
vt 0.130150 0.000000 0.000000
vt 0.000000 0.100000 0.000000
vt 0.130150 0.100000 0.000000
vt -0.000000 0.000000 0.000000
vt 0.033765 0.000000 0.000000
vt 0.000000 0.100000 0.000000
vt 0.033765 0.100000 0.000000
vt -0.000000 0.000000 0.000000
vt 0.237774 0.000000 0.000000
vt -0.000000 0.100000 0.000000
vt 0.237774 0.100000 0.000000
vt -0.000000 0.000000 0.000000
vt 0.030082 0.000000 0.000000
vt -0.000000 0.100000 0.000000
vt 0.030082 0.100000 0.000000
vt 0.000000 0.000000 0.000000
vt 0.194407 0.000000 0.000000
vt 0.000000 0.100000 0.000000
vt 0.194407 0.100000 0.000000
vt -0.000000 0.000000 0.000000
vt 0.040518 0.000000 0.000000
vt -0.000000 0.100000 0.000000
vt 0.040518 0.100000 0.000000
vt 0.000000 0.000000 0.000000
vt 0.033765 0.000000 0.000000
vt 0.000000 0.100000 0.000000
vt 0.033765 0.100000 0.000000
vt 0.000000 0.000000 0.000000
vt 0.040518 0.000000 0.000000
vt 0.000000 0.100000 0.000000
vt 0.040518 0.100000 0.000000
vt 0.000000 0.000000 0.000000
vt 0.071828 0.000000 0.000000
vt 0.000000 0.100000 0.000000
vt 0.071828 0.100000 0.000000
vt 0.000000 0.000000 0.000000
vt 0.036835 0.000000 0.000000
vt 0.000000 0.100000 0.000000
vt 0.036835 0.100000 0.000000
vt 0.195123 0.086767 0.000000
vt 0.231958 0.086767 0.000000
vt 0.195123 0.158595 0.000000
vt 0.231958 0.158595 0.000000
vt 0.195123 0.192360 0.000000
vt 0.231958 0.192360 0.000000
vt 0.195123 0.327626 0.000000
vt 0.231958 0.386767 0.000000
vt 0.201876 0.386767 0.000000
vt 0.272476 0.158595 0.000000
vt 0.272476 0.192360 0.000000
vt 0.064973 0.192360 0.000000
vt 0.101194 0.192360 0.000000
vt 0.064973 0.158595 0.000000
vt -0.000000 0.000000 0.000000
vt 0.037161 0.000000 0.000000
vt -0.000000 0.100000 0.000000
vt 0.037161 0.100000 0.000000
vt -0.050043 0.000000 0.000000
vt -0.037533 0.000000 0.000000
vt -0.050043 0.100000 0.000000
vt -0.037533 0.100000 0.000000
vt -0.025022 0.000000 0.000000
vt -0.025022 0.100000 0.000000
vt -0.012511 0.000000 0.000000
vt -0.012511 0.100000 0.000000
vt 0.000000 0.000000 0.000000
vt 0.000000 0.100000 0.000000
vt -0.039628 0.000000 0.000000
vt -0.029721 0.000000 0.000000
vt -0.039628 0.100000 0.000000
vt -0.029721 0.100000 0.000000
vt -0.019814 0.000000 0.000000
vt -0.019814 0.100000 0.000000
vt -0.009907 0.000000 0.000000
vt -0.009907 0.100000 0.000000
vt 0.000000 0.000000 0.000000
vt 0.000000 0.100000 0.000000
vt -0.047446 0.000000 0.000000
vt -0.035584 0.000000 0.000000
vt -0.047446 0.100000 0.000000
vt -0.035584 0.100000 0.000000
vt -0.023723 0.000000 0.000000
vt -0.023723 0.100000 0.000000
vt -0.011861 0.000000 0.000000
vt -0.011861 0.100000 0.000000
vt 0.000000 0.000000 0.000000
vt 0.000000 0.100000 0.000000
vt -0.048071 0.000000 0.000000
vt -0.036053 0.000000 0.000000
vt -0.048071 0.100000 0.000000
vt -0.036053 0.100000 0.000000
vt -0.024035 0.000000 0.000000
vt -0.024035 0.100000 0.000000
vt -0.012018 0.000000 0.000000
vt -0.012018 0.100000 0.000000
vt 0.000000 0.000000 0.000000
vt 0.000000 0.100000 0.000000
vt -0.045014 0.000000 0.000000
vt -0.033760 0.000000 0.000000
vt -0.045014 0.100000 0.000000
vt -0.033760 0.100000 0.000000
vt -0.022507 0.000000 0.000000
vt -0.022507 0.100000 0.000000
vt -0.011253 0.000000 0.000000
vt -0.011253 0.100000 0.000000
vt 0.000000 0.000000 0.000000
vt 0.000000 0.100000 0.000000
vt -0.045261 0.000000 0.000000
vt -0.033946 0.000000 0.000000
vt -0.045261 0.100000 0.000000
vt -0.033946 0.100000 0.000000
vt -0.022631 0.000000 0.000000
vt -0.022631 0.100000 0.000000
vt -0.011315 0.000000 0.000000
vt -0.011315 0.100000 0.000000
vt 0.000000 0.000000 0.000000
vt 0.000000 0.100000 0.000000
vt -0.026311 0.000000 0.000000
vt -0.019733 0.000000 0.000000
vt -0.026311 0.100000 0.000000
vt -0.019733 0.100000 0.000000
vt -0.013155 0.000000 0.000000
vt -0.013155 0.100000 0.000000
vt -0.006578 0.000000 0.000000
vt -0.006578 0.100000 0.000000
vt 0.000000 0.000000 0.000000
vt 0.000000 0.100000 0.000000
vt -0.000000 0.000000 0.000000
vt 0.032591 0.000000 0.000000
vt -0.000000 0.100000 0.000000
vt 0.032591 0.100000 0.000000
vt -0.005949 0.000000 0.000000
vt -0.004462 0.000000 0.000000
vt -0.005949 0.100000 0.000000
vt -0.004462 0.100000 0.000000
vt -0.002974 0.000000 0.000000
vt -0.002974 0.100000 0.000000
vt -0.001487 0.000000 0.000000
vt -0.001487 0.100000 0.000000
vt 0.000000 0.000000 0.000000
vt 0.000000 0.100000 0.000000
vt -0.044104 0.000000 0.000000
vt -0.033078 0.000000 0.000000
vt -0.044104 0.100000 0.000000
vt -0.033078 0.100000 0.000000
vt -0.022052 0.000000 0.000000
vt -0.022052 0.100000 0.000000
vt -0.011026 0.000000 0.000000
vt -0.011026 0.100000 0.000000
vt 0.000000 0.000000 0.000000
vt 0.000000 0.100000 0.000000
vt -0.042286 0.000000 0.000000
vt -0.031715 0.000000 0.000000
vt -0.042286 0.100000 0.000000
vt -0.031715 0.100000 0.000000
vt -0.026429 0.000000 0.000000
vt -0.026429 0.100000 0.000000
vt -0.021143 0.000000 0.000000
vt -0.021143 0.100000 0.000000
vt -0.015857 0.000000 0.000000
vt -0.015857 0.100000 0.000000
vt -0.010572 0.000000 0.000000
vt -0.010572 0.100000 0.000000
vt 0.000000 0.000000 0.000000
vt 0.000000 0.100000 0.000000
vt -0.036254 0.000000 0.000000
vt -0.027191 0.000000 0.000000
vt -0.036254 0.100000 0.000000
vt -0.027191 0.100000 0.000000
vt -0.018127 0.000000 0.000000
vt -0.018127 0.100000 0.000000
vt -0.009064 0.000000 0.000000
vt -0.009064 0.100000 0.000000
vt 0.000000 0.000000 0.000000
vt 0.000000 0.100000 0.000000
vt -0.037821 0.000000 0.000000
vt -0.028366 0.000000 0.000000
vt -0.037821 0.100000 0.000000
vt -0.028366 0.100000 0.000000
vt -0.018910 0.000000 0.000000
vt -0.018910 0.100000 0.000000
vt -0.009455 0.000000 0.000000
vt -0.009455 0.100000 0.000000
vt 0.000000 0.000000 0.000000
vt 0.000000 0.100000 0.000000
vt -0.038276 0.000000 0.000000
vt -0.028707 0.000000 0.000000
vt -0.038276 0.100000 0.000000
vt -0.028707 0.100000 0.000000
vt -0.019138 0.000000 0.000000
vt -0.019138 0.100000 0.000000
vt -0.009569 0.000000 0.000000
vt -0.009569 0.100000 0.000000
vt 0.000000 0.000000 0.000000
vt 0.000000 0.100000 0.000000
vt -0.044519 0.000000 0.000000
vt -0.033389 0.000000 0.000000
vt -0.044519 0.100000 0.000000
vt -0.033389 0.100000 0.000000
vt -0.022259 0.000000 0.000000
vt -0.022259 0.100000 0.000000
vt -0.011130 0.000000 0.000000
vt -0.011130 0.100000 0.000000
vt 0.000000 0.000000 0.000000
vt 0.000000 0.100000 0.000000
vt 0.000000 0.000000 0.000000
vt 0.037412 0.000000 0.000000
vt 0.000000 0.100000 0.000000
vt 0.037412 0.100000 0.000000
vt -0.065101 0.000000 0.000000
vt -0.048826 0.000000 0.000000
vt -0.065101 0.100000 0.000000
vt -0.048826 0.100000 0.000000
vt -0.032550 0.000000 0.000000
vt -0.032550 0.100000 0.000000
vt -0.016275 0.000000 0.000000
vt -0.016275 0.100000 0.000000
vt 0.000000 0.000000 0.000000
vt 0.000000 0.100000 0.000000
vt -0.062937 0.000000 0.000000
vt -0.047203 0.000000 0.000000
vt -0.062937 0.100000 0.000000
vt -0.047203 0.100000 0.000000
vt -0.031469 0.000000 0.000000
vt -0.031469 0.100000 0.000000
vt -0.015734 0.000000 0.000000
vt -0.015734 0.100000 0.000000
vt 0.000000 0.000000 0.000000
vt 0.000000 0.100000 0.000000
vt -0.046437 0.000000 0.000000
vt -0.034828 0.000000 0.000000
vt -0.046437 0.100000 0.000000
vt -0.034828 0.100000 0.000000
vt -0.023219 0.000000 0.000000
vt -0.023219 0.100000 0.000000
vt -0.011609 0.000000 0.000000
vt -0.011609 0.100000 0.000000
vt 0.000000 0.000000 0.000000
vt 0.000000 0.100000 0.000000
vt -0.042736 0.000000 0.000000
vt -0.032052 0.000000 0.000000
vt -0.042736 0.100000 0.000000
vt -0.032052 0.100000 0.000000
vt -0.021368 0.000000 0.000000
vt -0.021368 0.100000 0.000000
vt -0.010684 0.000000 0.000000
vt -0.010684 0.100000 0.000000
vt 0.000000 0.000000 0.000000
vt 0.000000 0.100000 0.000000
vt -0.040197 0.000000 0.000000
vt -0.030147 0.000000 0.000000
vt -0.040197 0.100000 0.000000
vt -0.030147 0.100000 0.000000
vt -0.020098 0.000000 0.000000
vt -0.020098 0.100000 0.000000
vt -0.010049 0.000000 0.000000
vt -0.010049 0.100000 0.000000
vt 0.000000 0.000000 0.000000
vt 0.000000 0.100000 0.000000
vt -0.036909 0.000000 0.000000
vt -0.027682 0.000000 0.000000
vt -0.036909 0.100000 0.000000
vt -0.027682 0.100000 0.000000
vt -0.018454 0.000000 0.000000
vt -0.018454 0.100000 0.000000
vt -0.009227 0.000000 0.000000
vt -0.009227 0.100000 0.000000
vt 0.000000 0.000000 0.000000
vt 0.000000 0.100000 0.000000
vt -0.039986 0.000000 0.000000
vt -0.029989 0.000000 0.000000
vt -0.039986 0.100000 0.000000
vt -0.029989 0.100000 0.000000
vt -0.019993 0.000000 0.000000
vt -0.019993 0.100000 0.000000
vt -0.009996 0.000000 0.000000
vt -0.009996 0.100000 0.000000
vt 0.000000 0.000000 0.000000
vt 0.000000 0.100000 0.000000
vt -0.048561 0.000000 0.000000
vt -0.036420 0.000000 0.000000
vt -0.048561 0.100000 0.000000
vt -0.036420 0.100000 0.000000
vt -0.024280 0.000000 0.000000
vt -0.024280 0.100000 0.000000
vt -0.012140 0.000000 0.000000
vt -0.012140 0.100000 0.000000
vt 0.000000 0.000000 0.000000
vt 0.000000 0.100000 0.000000
vt -0.050594 0.000000 0.000000
vt -0.037945 0.000000 0.000000
vt -0.050594 0.100000 0.000000
vt -0.037945 0.100000 0.000000
vt -0.025297 0.000000 0.000000
vt -0.025297 0.100000 0.000000
vt -0.012648 0.000000 0.000000
vt -0.012648 0.100000 0.000000
vt 0.000000 0.000000 0.000000
vt 0.000000 0.100000 0.000000
vt -0.072510 0.000000 0.000000
vt -0.054382 0.000000 0.000000
vt -0.072510 0.100000 0.000000
vt -0.054382 0.100000 0.000000
vt -0.036255 0.000000 0.000000
vt -0.036255 0.100000 0.000000
vt -0.018127 0.000000 0.000000
vt -0.018127 0.100000 0.000000
vt 0.000000 0.000000 0.000000
vt 0.000000 0.100000 0.000000
vt -0.077425 0.000000 0.000000
vt -0.058069 0.000000 0.000000
vt -0.077425 0.100000 0.000000
vt -0.058069 0.100000 0.000000
vt -0.038713 0.000000 0.000000
vt -0.038713 0.100000 0.000000
vt -0.019356 0.000000 0.000000
vt -0.019356 0.100000 0.000000
vt 0.000000 0.000000 0.000000
vt 0.000000 0.100000 0.000000
vt -0.069685 0.000000 0.000000
vt -0.052264 0.000000 0.000000
vt -0.069685 0.100000 0.000000
vt -0.052264 0.100000 0.000000
vt -0.034843 0.000000 0.000000
vt -0.034843 0.100000 0.000000
vt -0.017421 0.000000 0.000000
vt -0.017421 0.100000 0.000000
vt 0.000000 0.000000 0.000000
vt 0.000000 0.100000 0.000000
vt -0.067864 0.000000 0.000000
vt -0.050898 0.000000 0.000000
vt -0.067864 0.100000 0.000000
vt -0.050898 0.100000 0.000000
vt -0.033932 0.000000 0.000000
vt -0.033932 0.100000 0.000000
vt -0.016966 0.000000 0.000000
vt -0.016966 0.100000 0.000000
vt 0.000000 0.000000 0.000000
vt 0.000000 0.100000 0.000000
vt 0.272272 0.302251 0.000000
vt 0.268854 0.319481 0.000000
vt 0.235437 0.297340 0.000000
vt 0.232387 0.309797 0.000000
vt 0.263270 0.335643 0.000000
vt 0.254008 0.349992 0.000000
vt 0.228151 0.321660 0.000000
vt 0.242497 0.363233 0.000000
vt 0.221746 0.332436 0.000000
vt 0.227691 0.373465 0.000000
vt 0.213847 0.342462 0.000000
vt 0.211996 0.381267 0.000000
vt 0.205489 0.348384 0.000000
vt 0.196619 0.352942 0.000000
vt 0.194870 0.385156 0.000000
vt 0.186909 0.355268 0.000000
vt 0.176910 0.386767 0.000000
vt 0.176705 0.356276 0.000000
vt 0.164443 0.354904 0.000000
vt 0.156910 0.384862 0.000000
vt 0.152880 0.351832 0.000000
vt 0.137921 0.380324 0.000000
vt 0.142491 0.345911 0.000000
vt 0.120660 0.371279 0.000000
vt 0.132810 0.338267 0.000000
vt 0.125164 0.328397 0.000000
vt 0.104468 0.359447 0.000000
vt 0.119264 0.317820 0.000000
vt 0.092405 0.344900 0.000000
vt 0.116234 0.306082 0.000000
vt 0.083011 0.329206 0.000000
vt 0.078075 0.311598 0.000000
vt 0.114905 0.293656 0.000000
vt 0.075819 0.292838 0.000000
vt 0.076756 0.279878 0.000000
vt 0.116085 0.282004 0.000000
vt 0.079142 0.267373 0.000000
vt 0.084050 0.255657 0.000000
vt 0.090553 0.244441 0.000000
vt 0.118856 0.270990 0.000000
vt 0.099282 0.235501 0.000000
vt 0.124335 0.261064 0.000000
vt 0.108908 0.227996 0.000000
vt 0.119978 0.222806 0.000000
vt 0.131480 0.251808 0.000000
vt 0.131890 0.218963 0.000000
vt 0.140830 0.244692 0.000000
vt 0.150840 0.239242 0.000000
vt 0.147237 0.195225 0.000000
vt 0.157194 0.200464 0.000000
vt 0.139001 0.187562 0.000000
vt 0.122922 0.214114 0.000000
vt 0.135503 0.183414 0.000000
vt 0.132747 0.178887 0.000000
vt 0.114611 0.208474 0.000000
vt 0.130861 0.173917 0.000000
vt 0.107441 0.201462 0.000000
vt 0.129662 0.168595 0.000000
vt 0.100989 0.193588 0.000000
vt 0.096565 0.185274 0.000000
vt 0.128411 0.157367 0.000000
vt 0.093135 0.176666 0.000000
vt 0.091352 0.167571 0.000000
vt 0.090553 0.158186 0.000000
vt 0.091440 0.147996 0.000000
vt 0.093344 0.138092 0.000000
vt 0.129414 0.147977 0.000000
vt 0.096924 0.128660 0.000000
vt 0.101501 0.119509 0.000000
vt 0.131724 0.139125 0.000000
vt 0.107977 0.110762 0.000000
vt 0.115246 0.102880 0.000000
vt 0.136247 0.131187 0.000000
vt 0.123804 0.096405 0.000000
vt 0.142121 0.123806 0.000000
vt 0.133117 0.090757 0.000000
vt 0.150022 0.118006 0.000000
vt 0.143984 0.086250 0.000000
vt 0.158454 0.113592 0.000000
vt 0.155093 0.082775 0.000000
vt 0.167741 0.111403 0.000000
vt 0.166600 0.080995 0.000000
vt 0.177524 0.110505 0.000000
vt 0.178342 0.080218 0.000000
vt 0.187403 0.111462 0.000000
vt 0.194524 0.081601 0.000000
vt 0.196785 0.113716 0.000000
vt 0.210016 0.084957 0.000000
vt 0.205321 0.118183 0.000000
vt 0.224323 0.091712 0.000000
vt 0.213336 0.124011 0.000000
vt 0.220329 0.133012 0.000000
vt 0.237892 0.100580 0.000000
vt 0.225928 0.142671 0.000000
vt 0.249094 0.113004 0.000000
vt 0.229425 0.153324 0.000000
vt 0.258299 0.126518 0.000000
vt 0.264348 0.141756 0.000000
vt 0.268588 0.157981 0.000000
vt 0.231753 0.164529 0.000000
vt 0.161924 0.236497 0.000000
vt 0.167500 0.204509 0.000000
vt 0.173636 0.235334 0.000000
vt 0.178379 0.206589 0.000000
vt 0.180219 0.235783 0.000000
vt 0.189598 0.207503 0.000000
vt 0.186752 0.236573 0.000000
vt 0.191085 0.207457 0.000000
vt 0.193209 0.237862 0.000000
vt 0.192570 0.207377 0.000000
vt 0.194052 0.207249 0.000000
vt 0.195532 0.207094 0.000000
vt 0.199625 0.239427 0.000000
vt 0.000000 0.000000 0.000000
vt 0.035402 0.000000 0.000000
vt 0.000000 0.100000 0.000000
vt 0.035402 0.100000 0.000000
vt 0.000000 0.000000 0.000000
vt 0.198295 0.000000 0.000000
vt 0.000000 0.100000 0.000000
vt 0.198295 0.100000 0.000000
vt -0.025938 0.000000 0.000000
vt -0.019454 0.000000 0.000000
vt -0.025938 0.100000 0.000000
vt -0.019454 0.100000 0.000000
vt -0.012969 0.000000 0.000000
vt -0.012969 0.100000 0.000000
vt -0.006485 0.000000 0.000000
vt -0.006485 0.100000 0.000000
vt 0.000000 0.000000 0.000000
vt 0.000000 0.100000 0.000000
vt -0.046696 0.000000 0.000000
vt -0.035022 0.000000 0.000000
vt -0.046696 0.100000 0.000000
vt -0.035022 0.100000 0.000000
vt -0.023348 0.000000 0.000000
vt -0.023348 0.100000 0.000000
vt -0.011674 0.000000 0.000000
vt -0.011674 0.100000 0.000000
vt 0.000000 0.000000 0.000000
vt 0.000000 0.100000 0.000000
vt -0.066231 0.000000 0.000000
vt -0.049674 0.000000 0.000000
vt -0.066231 0.100000 0.000000
vt -0.049674 0.100000 0.000000
vt -0.033116 0.000000 0.000000
vt -0.033116 0.100000 0.000000
vt -0.016558 0.000000 0.000000
vt -0.016558 0.100000 0.000000
vt 0.000000 0.000000 0.000000
vt 0.000000 0.100000 0.000000
vt -0.091697 0.000000 0.000000
vt -0.068773 0.000000 0.000000
vt -0.091697 0.100000 0.000000
vt -0.068773 0.100000 0.000000
vt -0.045849 0.000000 0.000000
vt -0.045849 0.100000 0.000000
vt -0.022924 0.000000 0.000000
vt -0.022924 0.100000 0.000000
vt 0.000000 0.000000 0.000000
vt 0.000000 0.100000 0.000000
vt -0.047535 0.000000 0.000000
vt -0.035651 0.000000 0.000000
vt -0.047535 0.100000 0.000000
vt -0.035651 0.100000 0.000000
vt -0.023768 0.000000 0.000000
vt -0.023768 0.100000 0.000000
vt -0.011884 0.000000 0.000000
vt -0.011884 0.100000 0.000000
vt 0.000000 0.000000 0.000000
vt 0.000000 0.100000 0.000000
vt -0.040118 0.000000 0.000000
vt -0.030088 0.000000 0.000000
vt -0.040118 0.100000 0.000000
vt -0.030088 0.100000 0.000000
vt -0.020059 0.000000 0.000000
vt -0.020059 0.100000 0.000000
vt -0.010029 0.000000 0.000000
vt -0.010029 0.100000 0.000000
vt 0.000000 0.000000 0.000000
vt 0.000000 0.100000 0.000000
vt -0.043511 0.000000 0.000000
vt -0.032633 0.000000 0.000000
vt -0.043511 0.100000 0.000000
vt -0.032633 0.100000 0.000000
vt -0.021756 0.000000 0.000000
vt -0.021756 0.100000 0.000000
vt -0.010878 0.000000 0.000000
vt -0.010878 0.100000 0.000000
vt 0.000000 0.000000 0.000000
vt 0.000000 0.100000 0.000000
vt -0.045466 0.000000 0.000000
vt -0.034099 0.000000 0.000000
vt -0.045466 0.100000 0.000000
vt -0.034099 0.100000 0.000000
vt -0.022733 0.000000 0.000000
vt -0.022733 0.100000 0.000000
vt -0.011366 0.000000 0.000000
vt -0.011366 0.100000 0.000000
vt 0.000000 0.000000 0.000000
vt 0.000000 0.100000 0.000000
vt -0.047074 0.000000 0.000000
vt -0.035306 0.000000 0.000000
vt -0.047074 0.100000 0.000000
vt -0.035306 0.100000 0.000000
vt -0.023537 0.000000 0.000000
vt -0.023537 0.100000 0.000000
vt -0.011769 0.000000 0.000000
vt -0.011769 0.100000 0.000000
vt 0.000000 0.000000 0.000000
vt 0.000000 0.100000 0.000000
vt -0.000000 0.000000 0.000000
vt 0.038057 0.000000 0.000000
vt -0.000000 0.100000 0.000000
vt 0.038057 0.100000 0.000000
vt -0.070902 0.000000 0.000000
vt -0.053177 0.000000 0.000000
vt -0.070902 0.100000 0.000000
vt -0.053177 0.100000 0.000000
vt -0.035451 0.000000 0.000000
vt -0.035451 0.100000 0.000000
vt -0.017726 0.000000 0.000000
vt -0.017726 0.100000 0.000000
vt 0.000000 0.000000 0.000000
vt 0.000000 0.100000 0.000000
vt -0.071683 0.000000 0.000000
vt -0.053762 0.000000 0.000000
vt -0.071683 0.100000 0.000000
vt -0.053762 0.100000 0.000000
vt -0.035842 0.000000 0.000000
vt -0.035842 0.100000 0.000000
vt -0.017921 0.000000 0.000000
vt -0.017921 0.100000 0.000000
vt 0.000000 0.000000 0.000000
vt 0.000000 0.100000 0.000000
vt -0.072437 0.000000 0.000000
vt -0.054327 0.000000 0.000000
vt -0.072437 0.100000 0.000000
vt -0.054327 0.100000 0.000000
vt -0.036218 0.000000 0.000000
vt -0.036218 0.100000 0.000000
vt -0.018109 0.000000 0.000000
vt -0.018109 0.100000 0.000000
vt 0.000000 0.000000 0.000000
vt 0.000000 0.100000 0.000000
vt -0.064462 0.000000 0.000000
vt -0.048347 0.000000 0.000000
vt -0.064462 0.100000 0.000000
vt -0.048347 0.100000 0.000000
vt -0.032231 0.000000 0.000000
vt -0.032231 0.100000 0.000000
vt -0.016116 0.000000 0.000000
vt -0.016116 0.100000 0.000000
vt 0.000000 0.000000 0.000000
vt 0.000000 0.100000 0.000000
vt -0.036161 0.000000 0.000000
vt -0.027121 0.000000 0.000000
vt -0.036161 0.100000 0.000000
vt -0.027121 0.100000 0.000000
vt -0.018080 0.000000 0.000000
vt -0.018080 0.100000 0.000000
vt -0.009040 0.000000 0.000000
vt -0.009040 0.100000 0.000000
vt 0.000000 0.000000 0.000000
vt 0.000000 0.100000 0.000000
vt -0.044045 0.000000 0.000000
vt -0.033034 0.000000 0.000000
vt -0.044045 0.100000 0.000000
vt -0.033034 0.100000 0.000000
vt -0.022023 0.000000 0.000000
vt -0.022023 0.100000 0.000000
vt -0.011011 0.000000 0.000000
vt -0.011011 0.100000 0.000000
vt 0.000000 0.000000 0.000000
vt 0.000000 0.100000 0.000000
vt -0.077541 0.000000 0.000000
vt -0.058156 0.000000 0.000000
vt -0.077541 0.100000 0.000000
vt -0.058156 0.100000 0.000000
vt -0.038771 0.000000 0.000000
vt -0.038771 0.100000 0.000000
vt -0.019385 0.000000 0.000000
vt -0.019385 0.100000 0.000000
vt 0.000000 0.000000 0.000000
vt 0.000000 0.100000 0.000000
vt -0.056899 0.000000 0.000000
vt -0.042674 0.000000 0.000000
vt -0.056899 0.100000 0.000000
vt -0.042674 0.100000 0.000000
vt -0.028449 0.000000 0.000000
vt -0.028449 0.100000 0.000000
vt -0.014225 0.000000 0.000000
vt -0.014225 0.100000 0.000000
vt 0.000000 0.000000 0.000000
vt 0.000000 0.100000 0.000000
vt -0.025298 0.000000 0.000000
vt -0.018973 0.000000 0.000000
vt -0.025298 0.100000 0.000000
vt -0.018973 0.100000 0.000000
vt -0.012649 0.000000 0.000000
vt -0.012649 0.100000 0.000000
vt -0.006324 0.000000 0.000000
vt -0.006324 0.100000 0.000000
vt 0.000000 0.000000 0.000000
vt 0.000000 0.100000 0.000000
vt -0.000000 0.000000 0.000000
vt 0.147135 0.000000 0.000000
vt -0.000000 0.100000 0.000000
vt 0.147135 0.100000 0.000000
vt -0.270634 0.346044 0.000000
vt -0.123499 0.346044 0.000000
vt -0.270634 0.381446 0.000000
vt -0.072340 0.381446 0.000000
vt -0.072531 0.374903 0.000000
vt -0.073203 0.368440 0.000000
vt -0.074678 0.362112 0.000000
vt -0.076637 0.355866 0.000000
vt -0.081490 0.345162 0.000000
vt -0.087025 0.334868 0.000000
vt -0.093644 0.325227 0.000000
vt -0.100887 0.315962 0.000000
vt -0.112229 0.303863 0.000000
vt -0.127024 0.340774 0.000000
vt -0.130753 0.335662 0.000000
vt -0.134808 0.330803 0.000000
vt -0.123992 0.292206 0.000000
vt -0.139052 0.326091 0.000000
vt -0.136367 0.281193 0.000000
vt -0.149385 0.316309 0.000000
vt -0.159923 0.306756 0.000000
vt -0.149079 0.270532 0.000000
vt -0.170707 0.297476 0.000000
vt -0.166780 0.255845 0.000000
vt -0.181617 0.288336 0.000000
vt -0.183909 0.240576 0.000000
vt -0.196379 0.275738 0.000000
vt -0.210865 0.262846 0.000000
vt -0.199954 0.224202 0.000000
vt -0.224827 0.249398 0.000000
vt -0.215177 0.206992 0.000000
vt -0.238404 0.235539 0.000000
vt -0.221866 0.196805 0.000000
vt -0.245515 0.227038 0.000000
vt -0.227326 0.186161 0.000000
vt -0.252110 0.218198 0.000000
vt -0.257786 0.208752 0.000000
vt -0.230579 0.174697 0.000000
vt -0.262858 0.198909 0.000000
vt -0.265931 0.190313 0.000000
vt -0.232367 0.162688 0.000000
vt -0.268338 0.181579 0.000000
vt -0.269623 0.172613 0.000000
vt -0.270225 0.163506 0.000000
vt -0.268299 0.146812 0.000000
vt -0.231155 0.152307 0.000000
vt -0.264000 0.131127 0.000000
vt -0.255726 0.117134 0.000000
vt -0.228472 0.142550 0.000000
vt -0.245055 0.104161 0.000000
vt -0.223331 0.133836 0.000000
vt -0.229678 0.093472 0.000000
vt -0.216712 0.125750 0.000000
vt -0.213325 0.085469 0.000000
vt -0.207577 0.119156 0.000000
vt -0.197839 0.114156 0.000000
vt -0.195448 0.081653 0.000000
vt -0.187140 0.111699 0.000000
vt -0.176705 0.080218 0.000000
vt -0.175887 0.110709 0.000000
vt -0.164102 0.111736 0.000000
vt -0.158226 0.081516 0.000000
vt -0.152921 0.114328 0.000000
vt -0.140500 0.085032 0.000000
vt -0.142790 0.119642 0.000000
vt -0.124102 0.092464 0.000000
vt -0.133322 0.126671 0.000000
vt -0.108561 0.102422 0.000000
vt -0.126162 0.136536 0.000000
vt -0.096811 0.116484 0.000000
vt -0.120785 0.147079 0.000000
vt -0.087601 0.131737 0.000000
vt -0.118183 0.158677 0.000000
vt -0.082332 0.148838 0.000000
vt -0.117156 0.170873 0.000000
vt -0.079297 0.166985 0.000000
vt -0.000000 0.000000 0.000000
vt 0.038815 0.000000 0.000000
vt -0.000000 0.100000 0.000000
vt 0.038815 0.100000 0.000000
vt -0.046930 0.000000 0.000000
vt -0.035197 0.000000 0.000000
vt -0.046930 0.100000 0.000000
vt -0.035197 0.100000 0.000000
vt -0.023465 0.000000 0.000000
vt -0.023465 0.100000 0.000000
vt -0.011732 0.000000 0.000000
vt -0.011732 0.100000 0.000000
vt 0.000000 0.000000 0.000000
vt 0.000000 0.100000 0.000000
vt -0.040346 0.000000 0.000000
vt -0.030259 0.000000 0.000000
vt -0.040346 0.100000 0.000000
vt -0.030259 0.100000 0.000000
vt -0.020173 0.000000 0.000000
vt -0.020173 0.100000 0.000000
vt -0.010086 0.000000 0.000000
vt -0.010086 0.100000 0.000000
vt 0.000000 0.000000 0.000000
vt 0.000000 0.100000 0.000000
vt -0.049285 0.000000 0.000000
vt -0.036964 0.000000 0.000000
vt -0.049285 0.100000 0.000000
vt -0.036964 0.100000 0.000000
vt -0.024643 0.000000 0.000000
vt -0.024643 0.100000 0.000000
vt -0.012321 0.000000 0.000000
vt -0.012321 0.100000 0.000000
vt 0.000000 0.000000 0.000000
vt 0.000000 0.100000 0.000000
vt -0.056311 0.000000 0.000000
vt -0.042233 0.000000 0.000000
vt -0.056311 0.100000 0.000000
vt -0.042233 0.100000 0.000000
vt -0.028155 0.000000 0.000000
vt -0.028155 0.100000 0.000000
vt -0.014078 0.000000 0.000000
vt -0.014078 0.100000 0.000000
vt 0.000000 0.000000 0.000000
vt 0.000000 0.100000 0.000000
vt -0.052795 0.000000 0.000000
vt -0.039596 0.000000 0.000000
vt -0.052795 0.100000 0.000000
vt -0.039596 0.100000 0.000000
vt -0.026398 0.000000 0.000000
vt -0.026398 0.100000 0.000000
vt -0.013199 0.000000 0.000000
vt -0.013199 0.100000 0.000000
vt 0.000000 0.000000 0.000000
vt 0.000000 0.100000 0.000000
vt -0.049803 0.000000 0.000000
vt -0.037352 0.000000 0.000000
vt -0.049803 0.100000 0.000000
vt -0.037352 0.100000 0.000000
vt -0.024902 0.000000 0.000000
vt -0.024902 0.100000 0.000000
vt -0.012451 0.000000 0.000000
vt -0.012451 0.100000 0.000000
vt 0.000000 0.000000 0.000000
vt 0.000000 0.100000 0.000000
vt -0.033130 0.000000 0.000000
vt -0.024848 0.000000 0.000000
vt -0.033130 0.100000 0.000000
vt -0.024848 0.100000 0.000000
vt -0.016565 0.000000 0.000000
vt -0.016565 0.100000 0.000000
vt -0.008283 0.000000 0.000000
vt -0.008283 0.100000 0.000000
vt 0.000000 0.000000 0.000000
vt 0.000000 0.100000 0.000000
vt -0.030769 0.000000 0.000000
vt -0.023076 0.000000 0.000000
vt -0.030769 0.100000 0.000000
vt -0.023076 0.100000 0.000000
vt -0.015384 0.000000 0.000000
vt -0.015384 0.100000 0.000000
vt -0.007692 0.000000 0.000000
vt -0.007692 0.100000 0.000000
vt 0.000000 0.000000 0.000000
vt 0.000000 0.100000 0.000000
vt 0.000000 0.000000 0.000000
vt 0.034876 0.000000 0.000000
vt 0.000000 0.100000 0.000000
vt 0.034876 0.100000 0.000000
vt -0.000000 0.000000 0.000000
vt 0.156809 0.000000 0.000000
vt -0.000000 0.100000 0.000000
vt 0.156809 0.100000 0.000000
vt 0.000000 0.000000 0.000000
vt 0.149181 0.000000 0.000000
vt 0.000000 0.100000 0.000000
vt 0.149181 0.100000 0.000000
vt 0.000000 0.000000 0.000000
vt 0.035198 0.000000 0.000000
vt 0.000000 0.100000 0.000000
vt 0.035198 0.100000 0.000000
vt 0.000000 0.000000 0.000000
vt 0.119714 0.000000 0.000000
vt 0.000000 0.100000 0.000000
vt 0.119714 0.100000 0.000000
vt 0.000000 0.000000 0.000000
vt 0.082232 0.000000 0.000000
vt 0.000000 0.100000 0.000000
vt 0.082232 0.100000 0.000000
vt -0.059732 0.000000 0.000000
vt -0.044799 0.000000 0.000000
vt -0.059732 0.100000 0.000000
vt -0.044799 0.100000 0.000000
vt -0.029866 0.000000 0.000000
vt -0.029866 0.100000 0.000000
vt -0.014933 0.000000 0.000000
vt -0.014933 0.100000 0.000000
vt 0.000000 0.000000 0.000000
vt 0.000000 0.100000 0.000000
vt -0.071672 0.000000 0.000000
vt -0.053754 0.000000 0.000000
vt -0.071672 0.100000 0.000000
vt -0.053754 0.100000 0.000000
vt -0.035836 0.000000 0.000000
vt -0.035836 0.100000 0.000000
vt -0.017918 0.000000 0.000000
vt -0.017918 0.100000 0.000000
vt 0.000000 0.000000 0.000000
vt 0.000000 0.100000 0.000000
vt -0.075022 0.000000 0.000000
vt -0.056266 0.000000 0.000000
vt -0.075022 0.100000 0.000000
vt -0.056266 0.100000 0.000000
vt -0.037511 0.000000 0.000000
vt -0.037511 0.100000 0.000000
vt -0.018755 0.000000 0.000000
vt -0.018755 0.100000 0.000000
vt 0.000000 0.000000 0.000000
vt 0.000000 0.100000 0.000000
vt -0.074292 0.000000 0.000000
vt -0.055719 0.000000 0.000000
vt -0.074292 0.100000 0.000000
vt -0.055719 0.100000 0.000000
vt -0.037146 0.000000 0.000000
vt -0.037146 0.100000 0.000000
vt -0.018573 0.000000 0.000000
vt -0.018573 0.100000 0.000000
vt 0.000000 0.000000 0.000000
vt 0.000000 0.100000 0.000000
vt -0.086801 0.000000 0.000000
vt -0.065101 0.000000 0.000000
vt -0.086801 0.100000 0.000000
vt -0.065101 0.100000 0.000000
vt -0.043401 0.000000 0.000000
vt -0.043401 0.100000 0.000000
vt -0.032551 0.000000 0.000000
vt -0.032551 0.100000 0.000000
vt -0.021700 0.000000 0.000000
vt -0.021700 0.100000 0.000000
vt 0.000000 0.000000 0.000000
vt 0.000000 0.100000 0.000000
vt -0.070645 0.000000 0.000000
vt -0.052983 0.000000 0.000000
vt -0.070645 0.100000 0.000000
vt -0.052983 0.100000 0.000000
vt -0.035322 0.000000 0.000000
vt -0.035322 0.100000 0.000000
vt -0.017661 0.000000 0.000000
vt -0.017661 0.100000 0.000000
vt 0.000000 0.000000 0.000000
vt 0.000000 0.100000 0.000000
vt -0.067591 0.000000 0.000000
vt -0.050694 0.000000 0.000000
vt -0.067591 0.100000 0.000000
vt -0.050694 0.100000 0.000000
vt -0.033796 0.000000 0.000000
vt -0.033796 0.100000 0.000000
vt -0.016898 0.000000 0.000000
vt -0.016898 0.100000 0.000000
vt 0.000000 0.000000 0.000000
vt 0.000000 0.100000 0.000000
vt 0.272476 -0.165348 0.000000
vt 0.269142 -0.148153 0.000000
vt 0.233799 -0.168622 0.000000
vt 0.231280 -0.156803 0.000000
vt 0.263636 -0.132029 0.000000
vt 0.254416 -0.117735 0.000000
vt 0.227487 -0.145606 0.000000
vt 0.242906 -0.104570 0.000000
vt 0.221416 -0.135518 0.000000
vt 0.227743 -0.094472 0.000000
vt 0.213847 -0.126160 0.000000
vt 0.211711 -0.086842 0.000000
vt 0.205362 -0.120091 0.000000
vt 0.196351 -0.115406 0.000000
vt 0.194298 -0.083122 0.000000
vt 0.186477 -0.112997 0.000000
vt 0.176091 -0.081651 0.000000
vt 0.176091 -0.111937 0.000000
vt 0.163324 -0.113543 0.000000
vt 0.153355 -0.084269 0.000000
vt 0.151386 -0.117017 0.000000
vt 0.132253 -0.090374 0.000000
vt 0.140820 -0.123583 0.000000
vt 0.122771 -0.095709 0.000000
vt 0.131071 -0.131992 0.000000
vt 0.113928 -0.102407 0.000000
vt 0.122895 -0.144015 0.000000
vt 0.097306 -0.118076 0.000000
vt 0.116749 -0.156765 0.000000
vt 0.087114 -0.134224 0.000000
vt 0.113791 -0.170655 0.000000
vt 0.079277 -0.151175 0.000000
vt 0.075289 -0.169437 0.000000
vt 0.112654 -0.185198 0.000000
vt 0.073568 -0.188472 0.000000
vt 0.075431 -0.207891 0.000000
vt 0.113716 -0.198873 0.000000
vt 0.079904 -0.226284 0.000000
vt 0.116538 -0.211897 0.000000
vt 0.088855 -0.242917 0.000000
vt 0.100580 -0.258458 0.000000
vt 0.122454 -0.223778 0.000000
vt 0.115197 -0.270014 0.000000
vt 0.130355 -0.234925 0.000000
vt 0.130888 -0.278964 0.000000
vt 0.140587 -0.242855 0.000000
vt 0.151578 -0.248896 0.000000
vt 0.148356 -0.283604 0.000000
vt 0.163788 -0.251900 0.000000
vt 0.166883 -0.285675 0.000000
vt 0.176705 -0.253138 0.000000
vt 0.182062 -0.284050 0.000000
vt 0.185104 -0.252556 0.000000
vt 0.196680 -0.280708 0.000000
vt 0.193305 -0.251202 0.000000
vt 0.201172 -0.248531 0.000000
vt 0.210390 -0.274590 0.000000
vt 0.208834 -0.245055 0.000000
vt 0.223568 -0.266849 0.000000
vt 0.215362 -0.240772 0.000000
vt 0.221405 -0.235973 0.000000
vt 0.226626 -0.230295 0.000000
vt 0.231344 -0.224079 0.000000
vt 0.265928 -0.228581 0.000000
vt 0.236869 -0.382674 0.000000
vt 0.207401 -0.347476 0.000000
vt 0.087688 -0.382674 0.000000
vt 0.087688 -0.347476 0.000000
vt 0.126046 0.792988 0.000000
vt 0.126046 0.928254 0.000000
vt 0.032116 0.792988 0.000000
vt -0.000000 0.105000 0.000000
vt -0.000000 0.700000 0.000000
vt -0.630000 0.105000 0.000000
vt -0.630000 0.700000 0.000000
vt -0.630000 0.105000 0.000000
vt -0.000000 0.105000 0.000000
vt -0.630000 0.700000 0.000000
vt -0.000000 0.700000 0.000000
vt -0.630000 0.105000 0.000000
vt -0.000000 0.105000 0.000000
vt -0.630000 0.700000 0.000000
vt -0.000000 0.700000 0.000000
vt -0.630000 0.105000 0.000000
vt -0.000000 0.105000 0.000000
vt -0.630000 0.700000 0.000000
vt -0.000000 0.700000 0.000000
vt -0.640000 0.090000 0.000000
vt -0.000000 0.090000 0.000000
vt -0.640000 0.700000 0.000000
vt -0.000000 0.700000 0.000000
vt -0.000000 0.090000 0.000000
vt -0.000000 0.700000 0.000000
vt -0.640000 0.090000 0.000000
vt -0.640000 0.700000 0.000000
vt -0.640000 0.090000 0.000000
vt -0.000000 0.090000 0.000000
vt -0.640000 0.700000 0.000000
vt -0.000000 0.700000 0.000000
vt -0.640000 0.090000 0.000000
vt -0.000000 0.090000 0.000000
vt -0.640000 0.700000 0.000000
vt -0.000000 0.700000 0.000000
vt -0.620000 0.120000 0.000000
vt -0.000000 0.120000 0.000000
vt -0.620000 0.700000 0.000000
vt -0.000000 0.700000 0.000000
vt -0.000000 0.120000 0.000000
vt -0.000000 0.700000 0.000000
vt -0.620000 0.120000 0.000000
vt -0.620000 0.700000 0.000000
vt -0.620000 0.120000 0.000000
vt -0.000000 0.120000 0.000000
vt -0.620000 0.700000 0.000000
vt -0.000000 0.700000 0.000000
vt -0.620000 0.120000 0.000000
vt -0.000000 0.120000 0.000000
vt -0.620000 0.700000 0.000000
vt -0.000000 0.700000 0.000000
vt -0.650000 0.075000 0.000000
vt -0.000000 0.075000 0.000000
vt -0.650000 0.700000 0.000000
vt -0.000000 0.700000 0.000000
vt -0.000000 0.075000 0.000000
vt -0.000000 0.700000 0.000000
vt -0.650000 0.075000 0.000000
vt -0.650000 0.700000 0.000000
vt -0.650000 0.075000 0.000000
vt -0.000000 0.075000 0.000000
vt -0.650000 0.700000 0.000000
vt -0.000000 0.700000 0.000000
vt -0.650000 0.075000 0.000000
vt -0.000000 0.075000 0.000000
vt -0.650000 0.700000 0.000000
vt -0.000000 0.700000 0.000000
vt 0.110680 0.665000 0.000000
vt -0.316228 0.800000 0.000000
vt 0.110680 0.035000 0.000000
vt -0.316228 -0.100000 0.000000
vt -0.110680 -0.035000 0.000000
vt -0.110680 -0.665000 0.000000
vt 0.316228 0.100000 0.000000
vt 0.316228 -0.800000 0.000000
vt -0.094868 -0.030000 0.000000
vt -0.094868 -0.670000 0.000000
vt 0.316228 0.100000 0.000000
vt 0.316228 -0.800000 0.000000
vt -0.411096 -0.770000 0.000000
vt -0.000000 -0.900000 0.000000
vt -0.411096 -0.130000 0.000000
vt -0.000000 0.000000 0.000000
vt -0.126491 -0.040000 0.000000
vt -0.126491 -0.660000 0.000000
vt 0.316228 0.100000 0.000000
vt 0.316228 -0.800000 0.000000
vt -0.126491 -0.660000 0.000000
vt 0.316228 -0.800000 0.000000
vt -0.126491 -0.040000 0.000000
vt 0.316228 0.100000 0.000000
vt 0.395285 0.125000 0.000000
vt 0.395284 0.775000 0.000000
vt -0.000000 0.000000 0.000000
vt -0.000000 0.900000 0.000000
vt 0.395285 0.775000 0.000000
vt -0.000000 0.900000 0.000000
vt 0.395284 0.125000 0.000000
vt -0.000000 0.000000 0.000000
vt -0.110680 -0.665000 0.000000
vt 0.316228 -0.800000 0.000000
vt -0.110680 -0.035000 0.000000
vt 0.316228 0.100000 0.000000
vt 0.126491 0.660000 0.000000
vt -0.316228 0.800000 0.000000
vt 0.126491 0.040000 0.000000
vt -0.316228 -0.100000 0.000000
vt -1.890000 -1.890000 0.000000
vt -2.510000 -1.890000 0.000000
vt -1.890000 -2.510000 0.000000
vt -2.510000 -2.510000 0.000000
vt 1.885000 -2.515000 0.000000
vt 2.515000 -2.515000 0.000000
vt 1.885000 -1.885000 0.000000
vt 2.515000 -1.885000 0.000000
vt 0.426907 0.135000 0.000000
vt 0.426907 0.765000 0.000000
vt -0.000000 0.000000 0.000000
vt -0.000000 0.900000 0.000000
vt 0.094868 0.670000 0.000000
vt -0.316228 0.800000 0.000000
vt 0.094868 0.030000 0.000000
vt -0.316228 -0.100000 0.000000
vt 0.094869 0.030000 0.000000
vt 0.094868 0.670000 0.000000
vt -0.316228 -0.100000 0.000000
vt -0.316228 0.800000 0.000000
vt 2.520000 2.520000 0.000000
vt 1.880000 2.520000 0.000000
vt 2.520000 1.880000 0.000000
vt 1.880000 1.880000 0.000000
vt -0.079057 -0.025000 0.000000
vt -0.079057 -0.675000 0.000000
vt 0.316228 0.100000 0.000000
vt 0.316228 -0.800000 0.000000
vt -0.079057 -0.675000 0.000000
vt 0.316228 -0.800000 0.000000
vt -0.079057 -0.025000 0.000000
vt 0.316228 0.100000 0.000000
vt -2.525000 1.875000 0.000000
vt -1.875000 1.875000 0.000000
vt -2.525000 2.525000 0.000000
vt -1.875000 2.525000 0.000000
vt 0.442719 0.140000 0.000000
vt 0.442719 0.760000 0.000000
vt -0.000000 0.000000 0.000000
vt -0.000000 0.900000 0.000000
vt -1.750000 -1.750000 0.000000
vt -2.650000 1.750000 0.000000
vt -2.650000 -1.750000 0.000000
vt -3.000000 3.000000 0.000000
vt -3.000000 -3.000000 0.000000
vt -1.750000 -2.650000 0.000000
vt 1.750000 -1.750000 0.000000
vt 0.003262 0.219182 0.000000
vt -0.245987 0.213861 0.000000
vt -0.225988 0.215766 0.000000
vt -0.206998 0.220304 0.000000
vt -0.189738 0.229349 0.000000
vt -0.173545 0.241181 0.000000
vt -0.161483 0.255728 0.000000
vt -0.152089 0.271422 0.000000
vt 0.003454 0.225725 0.000000
vt 0.004126 0.232188 0.000000
vt -2.650000 -2.650000 0.000000
vt 1.750000 -2.650000 0.000000
vt 3.000000 -3.000000 0.000000
vt 2.650000 -2.650000 0.000000
vt 2.650000 -1.750000 0.000000
vt 3.000000 3.000000 0.000000
vt 2.650000 1.750000 0.000000
vt 2.650000 2.650000 0.000000
vt 1.750000 2.650000 0.000000
vt -1.750000 2.650000 0.000000
vt -2.650000 2.650000 0.000000
vt -1.750000 1.750000 0.000000
vt -0.305946 0.983302 0.000000
vt -0.156765 0.983302 0.000000
vt 0.132799 0.987395 0.000000
vt -0.156765 0.948104 0.000000
vt -0.004105 0.792988 0.000000
vt -0.157932 0.843545 0.000000
vt -0.148981 0.826912 0.000000
vt -0.341349 0.298377 0.000000
vt -0.337665 0.442647 0.000000
vt -0.268702 0.361201 0.000000
vt -0.300830 0.436099 0.000000
vt -0.264609 0.393534 0.000000
vt -0.298503 0.447304 0.000000
vt -0.263129 0.393379 0.000000
vt -0.261647 0.393251 0.000000
vt 1.750000 1.750000 0.000000
vt 0.201557 0.219182 0.000000
vt 0.201557 0.254584 0.000000
vt 0.201148 0.437122 0.000000
vt 0.200545 0.428015 0.000000
vt 0.162880 0.987395 0.000000
vt 0.203399 0.792988 0.000000
vt 0.203399 0.759223 0.000000
vt -0.302877 0.769250 0.000000
vt -0.335005 0.829209 0.000000
vt -0.341553 0.765976 0.000000
vt -0.300358 0.757431 0.000000
vt -0.191972 0.744643 0.000000
vt -0.185826 0.757393 0.000000
vt -0.182868 0.771283 0.000000
vt -0.296564 0.746234 0.000000
vt -0.290493 0.736146 0.000000
vt -0.200148 0.732620 0.000000
vt -0.209897 0.724211 0.000000
vt -0.220463 0.717645 0.000000
vt -0.232402 0.714171 0.000000
vt -0.245169 0.712565 0.000000
vt -0.255555 0.713625 0.000000
vt -0.274439 0.720719 0.000000
vt -0.265428 0.716034 0.000000
vt -0.282925 0.726788 0.000000
vt -0.181731 0.785826 0.000000
vt -0.182793 0.799501 0.000000
vt -0.185615 0.812525 0.000000
vt -0.191532 0.824406 0.000000
vt -0.199432 0.835553 0.000000
vt -0.209665 0.843483 0.000000
vt -0.220655 0.849524 0.000000
vt -0.232865 0.852528 0.000000
vt -0.245783 0.853766 0.000000
vt -0.254181 0.853184 0.000000
vt -0.262383 0.851830 0.000000
vt -0.270249 0.849159 0.000000
vt -0.277911 0.845683 0.000000
vt -0.284439 0.841400 0.000000
vt -0.290483 0.836601 0.000000
vt -0.295704 0.830923 0.000000
vt -0.300421 0.824707 0.000000
vt -0.276478 0.948104 0.000000
vt -0.217433 0.884232 0.000000
vt -0.199966 0.879592 0.000000
vt -0.184275 0.870642 0.000000
vt -0.292645 0.867477 0.000000
vt -0.279467 0.875218 0.000000
vt -0.265758 0.881336 0.000000
vt -0.251140 0.884678 0.000000
vt -0.235960 0.886303 0.000000
vt -0.169657 0.859086 0.000000
vt -0.144508 0.808519 0.000000
vt -0.142645 0.789100 0.000000
vt -0.004105 0.759223 0.000000
vt -0.144366 0.770065 0.000000
vt -0.148355 0.751803 0.000000
vt -0.156191 0.734852 0.000000
vt -0.166383 0.718704 0.000000
vt 0.039483 0.498206 0.000000
vt -0.183005 0.703035 0.000000
vt -0.184323 0.497748 0.000000
vt -0.191848 0.696337 0.000000
vt -0.192881 0.504223 0.000000
vt -0.202195 0.509871 0.000000
vt -0.201330 0.691002 0.000000
vt -0.213061 0.514378 0.000000
vt -0.222433 0.684897 0.000000
vt -0.224170 0.517853 0.000000
vt -0.235677 0.519633 0.000000
vt -0.245169 0.682279 0.000000
vt -0.247420 0.520410 0.000000
vt -0.263375 0.683750 0.000000
vt -0.263601 0.519027 0.000000
vt -0.279094 0.515671 0.000000
vt -0.280788 0.687470 0.000000
vt -0.293400 0.508916 0.000000
vt -0.296821 0.695100 0.000000
vt -0.306970 0.500048 0.000000
vt -0.311983 0.705198 0.000000
vt -0.318171 0.487624 0.000000
vt -0.323493 0.718363 0.000000
vt -0.327376 0.474110 0.000000
vt -0.332713 0.732657 0.000000
vt -0.333426 0.458873 0.000000
vt -0.338219 0.748781 0.000000
vt 0.005601 0.238516 0.000000
vt -0.147152 0.289030 0.000000
vt 0.007560 0.244762 0.000000
vt 0.012413 0.255466 0.000000
vt -0.144896 0.307790 0.000000
vt 0.017948 0.265760 0.000000
vt -0.145834 0.320750 0.000000
vt 0.024567 0.275401 0.000000
vt 0.031809 0.284666 0.000000
vt 0.043152 0.296765 0.000000
vt 0.010220 0.433643 0.000000
vt -0.148220 0.333255 0.000000
vt 0.054914 0.308422 0.000000
vt 0.067290 0.319435 0.000000
vt 0.048078 0.429755 0.000000
vt 0.080002 0.330096 0.000000
vt 0.097702 0.344783 0.000000
vt 0.114832 0.360052 0.000000
vt 0.130877 0.376426 0.000000
vt 0.146100 0.393636 0.000000
vt 0.152789 0.403823 0.000000
vt 0.049106 0.441951 0.000000
vt 0.158249 0.414467 0.000000
vt 0.051708 0.453549 0.000000
vt 0.057085 0.464092 0.000000
vt 0.161501 0.425931 0.000000
vt 0.163290 0.437940 0.000000
vt 0.162078 0.448322 0.000000
vt 0.154254 0.466792 0.000000
vt 0.147635 0.474878 0.000000
vt 0.159395 0.458078 0.000000
vt 0.138499 0.481472 0.000000
vt 0.073713 0.480986 0.000000
vt 0.064245 0.473957 0.000000
vt 0.128761 0.486472 0.000000
vt 0.118063 0.488929 0.000000
vt 0.106809 0.489919 0.000000
vt 0.095025 0.488892 0.000000
vt 0.083844 0.486300 0.000000
vt 0.013255 0.451790 0.000000
vt -0.160517 0.452632 0.000000
vt -0.159630 0.442442 0.000000
vt -0.160429 0.433057 0.000000
vt -0.162421 0.462536 0.000000
vt 0.018523 0.468891 0.000000
vt -0.166002 0.471968 0.000000
vt -0.170578 0.481119 0.000000
vt 0.027734 0.484144 0.000000
vt -0.177055 0.489866 0.000000
vt 0.055024 0.508164 0.000000
vt 0.071422 0.515596 0.000000
vt 0.126046 0.687395 0.000000
vt 0.089149 0.519112 0.000000
vt 0.107628 0.520410 0.000000
vt 0.126371 0.518975 0.000000
vt 0.162880 0.687395 0.000000
vt 0.144247 0.515159 0.000000
vt 0.160601 0.507156 0.000000
vt 0.175977 0.496467 0.000000
vt 0.186649 0.483494 0.000000
vt 0.194923 0.469501 0.000000
vt 0.199221 0.453816 0.000000
vt 0.199261 0.419049 0.000000
vt 0.196854 0.410315 0.000000
vt 0.193781 0.401719 0.000000
vt 0.188708 0.391876 0.000000
vt 0.183033 0.382430 0.000000
vt 0.176438 0.373590 0.000000
vt 0.169327 0.365089 0.000000
vt 0.155750 0.351230 0.000000
vt 0.141787 0.337782 0.000000
vt 0.127302 0.324890 0.000000
vt 0.112539 0.312292 0.000000
vt 0.101630 0.303152 0.000000
vt 0.090846 0.293872 0.000000
vt 0.080307 0.284319 0.000000
vt 0.069975 0.274537 0.000000
vt 0.065731 0.269825 0.000000
vt 0.061676 0.264966 0.000000
vt 0.057947 0.259854 0.000000
vt 0.054422 0.254584 0.000000
vt -0.304514 0.303288 0.000000
vt -0.262286 0.362766 0.000000
vt -0.301464 0.290831 0.000000
vt -0.255829 0.364055 0.000000
vt -0.249297 0.364845 0.000000
vt -0.193413 0.339564 0.000000
vt -0.242713 0.365294 0.000000
vt -0.231001 0.364131 0.000000
vt -0.209907 0.355936 0.000000
vt -0.219918 0.361386 0.000000
vt -0.297229 0.278968 0.000000
vt -0.185311 0.294546 0.000000
vt -0.183982 0.306972 0.000000
vt -0.185162 0.318624 0.000000
vt -0.290823 0.268192 0.000000
vt -0.194242 0.272231 0.000000
vt -0.188341 0.282808 0.000000
vt -0.282925 0.258166 0.000000
vt -0.274566 0.252244 0.000000
vt -0.265696 0.247686 0.000000
vt -0.255987 0.245360 0.000000
vt -0.245783 0.244352 0.000000
vt -0.233520 0.245724 0.000000
vt -0.221957 0.248796 0.000000
vt -0.211568 0.254717 0.000000
vt -0.201888 0.262361 0.000000
vt -0.187933 0.329638 0.000000
vt -0.200558 0.348820 0.000000
vt -0.260162 0.393171 0.000000
vt -0.258675 0.393125 0.000000
vt -0.247456 0.394039 0.000000
vt -0.236577 0.396119 0.000000
vt -0.289406 0.467616 0.000000
vt -0.295005 0.457957 0.000000
vt -0.226272 0.400164 0.000000
vt -0.282413 0.476617 0.000000
vt -0.274398 0.482445 0.000000
vt -0.198491 0.452652 0.000000
vt -0.200802 0.461503 0.000000
vt -0.216315 0.405403 0.000000
vt -0.198739 0.432033 0.000000
vt -0.197488 0.443261 0.000000
vt -0.208079 0.413066 0.000000
vt -0.199938 0.426711 0.000000
vt -0.204580 0.417214 0.000000
vt -0.201825 0.421741 0.000000
vt -0.205325 0.469441 0.000000
vt -0.211199 0.476822 0.000000
vt -0.219099 0.482622 0.000000
vt -0.227532 0.487036 0.000000
vt -0.236819 0.489225 0.000000
vt -0.246601 0.490123 0.000000
vt -0.256480 0.489166 0.000000
vt -0.265862 0.486912 0.000000
vt -0.162212 0.423962 0.000000
vt -0.153128 0.344971 0.000000
vt -0.159630 0.356187 0.000000
vt -0.165643 0.415354 0.000000
vt -0.170066 0.407040 0.000000
vt -0.168359 0.365127 0.000000
vt -0.176518 0.399166 0.000000
vt -0.177985 0.372632 0.000000
vt -0.183688 0.392154 0.000000
vt -0.189055 0.377822 0.000000
vt -0.191999 0.386515 0.000000
vt -0.200967 0.381665 0.000000
vt -0.263947 0.215472 0.000000
vt -0.281073 0.219361 0.000000
vt -0.296768 0.227163 0.000000
vt -0.311574 0.237395 0.000000
vt -0.323086 0.250636 0.000000
vt -0.332347 0.264985 0.000000
vt -0.337931 0.281147 0.000000
vt 0.126046 0.759223 0.000000
vt 0.162880 0.792988 0.000000
vt 0.162880 0.759223 0.000000
vt -0.125000 -0.550000 0.000000
vt 0.175000 -0.550000 0.000000
vt -0.125000 0.550000 0.000000
vt 0.175000 0.550000 0.000000
vt -0.125000 -0.550000 0.000000
vt 0.175000 -0.550000 0.000000
vt -0.125000 0.550000 0.000000
vt 0.175000 0.550000 0.000000
vt -0.550000 -0.550000 0.000000
vt 0.550000 -0.550000 0.000000
vt -0.550000 0.550000 0.000000
vt 0.550000 0.550000 0.000000
vt 0.125000 0.550000 0.000000
vt -0.175000 0.550000 0.000000
vt 0.125000 -0.550000 0.000000
vt -0.175000 -0.550000 0.000000
vt 0.125000 0.550000 0.000000
vt -0.175000 0.550000 0.000000
vt 0.125000 -0.550000 0.000000
vt -0.175000 -0.550000 0.000000
vt -0.125000 -0.550000 0.000000
vt 0.175000 -0.550000 0.000000
vt -0.125000 0.550000 0.000000
vt 0.175000 0.550000 0.000000
vt -0.125000 -0.550000 0.000000
vt 0.175000 -0.550000 0.000000
vt -0.125000 0.550000 0.000000
vt 0.175000 0.550000 0.000000
vt -0.550000 -0.550000 0.000000
vt 0.550000 -0.550000 0.000000
vt -0.550000 0.550000 0.000000
vt 0.550000 0.550000 0.000000
vt 0.125000 0.550000 0.000000
vt -0.175000 0.550000 0.000000
vt 0.125000 -0.550000 0.000000
vt -0.175000 -0.550000 0.000000
vt 0.125000 0.550000 0.000000
vt -0.175000 0.550000 0.000000
vt 0.125000 -0.550000 0.000000
vt -0.175000 -0.550000 0.000000
vt -0.125000 -0.550000 0.000000
vt 0.175000 -0.550000 0.000000
vt -0.125000 0.550000 0.000000
vt 0.175000 0.550000 0.000000
vt -0.125000 -0.550000 0.000000
vt 0.175000 -0.550000 0.000000
vt -0.125000 0.550000 0.000000
vt 0.175000 0.550000 0.000000
vt -0.550000 -0.550000 0.000000
vt 0.550000 -0.550000 0.000000
vt -0.550000 0.550000 0.000000
vt 0.550000 0.550000 0.000000
vt 0.125000 0.550000 0.000000
vt -0.175000 0.550000 0.000000
vt 0.125000 -0.550000 0.000000
vt -0.175000 -0.550000 0.000000
vt 0.125000 0.550000 0.000000
vt -0.175000 0.550000 0.000000
vt 0.125000 -0.550000 0.000000
vt -0.175000 -0.550000 0.000000
vt -0.125000 -0.550000 0.000000
vt 0.175000 -0.550000 0.000000
vt -0.125000 0.550000 0.000000
vt 0.175000 0.550000 0.000000
vt -0.125000 -0.550000 0.000000
vt 0.175000 -0.550000 0.000000
vt -0.125000 0.550000 0.000000
vt 0.175000 0.550000 0.000000
vt -0.550000 -0.550000 0.000000
vt 0.550000 -0.550000 0.000000
vt -0.550000 0.550000 0.000000
vt 0.550000 0.550000 0.000000
vt 0.125000 0.550000 0.000000
vt -0.175000 0.550000 0.000000
vt 0.125000 -0.550000 0.000000
vt -0.175000 -0.550000 0.000000
vt 0.125000 0.550000 0.000000
vt -0.175000 0.550000 0.000000
vt 0.125000 -0.550000 0.000000
vt -0.175000 -0.550000 0.000000
vt -0.175000 -3.000000 0.000000
vt 0.225000 -3.000000 0.000000
vt -0.175000 3.000000 0.000000
vt 0.225000 3.000000 0.000000
vt 0.175000 3.000000 0.000000
vt -0.225000 3.000000 0.000000
vt 0.175000 -3.000000 0.000000
vt -0.225000 -3.000000 0.000000
vt -0.175000 -3.000000 0.000000
vt 0.225000 -3.000000 0.000000
vt -0.175000 3.000000 0.000000
vt 0.225000 3.000000 0.000000
vt 0.175000 3.000000 0.000000
vt -0.225000 3.000000 0.000000
vt 0.175000 -3.000000 0.000000
vt -0.225000 -3.000000 0.000000
vt 3.000000 3.000000 0.000000
vt 3.000000 -3.000000 0.000000
vt 3.400000 -3.400000 0.000000
vt -3.000000 -3.000000 0.000000
vt -3.400000 -3.400000 0.000000
vt -3.000000 3.000000 0.000000
vt -3.400000 3.400000 0.000000
vt 3.400000 3.400000 0.000000
vt 2.050000 2.050000 0.000000
vt 3.150000 -2.050000 0.000000
vt 3.150000 2.050000 0.000000
vt 3.400000 -3.400000 0.000000
vt 3.400000 3.400000 0.000000
vt 2.050000 3.150000 0.000000
vt -2.050000 3.150000 0.000000
vt -2.050000 2.050000 0.000000
vt 2.050000 -2.050000 0.000000
vt -2.050000 -2.050000 0.000000
vt 2.050000 -3.150000 0.000000
vt -2.050000 -3.150000 0.000000
vt -3.400000 -3.400000 0.000000
vt -3.150000 -3.150000 0.000000
vt -3.150000 -2.050000 0.000000
vt 3.150000 3.150000 0.000000
vt -3.400000 3.400000 0.000000
vt -3.150000 3.150000 0.000000
vt -3.150000 2.050000 0.000000
vt 3.150000 -3.150000 0.000000
vt -0.500000 -3.400000 0.000000
vt 0.500000 -3.400000 0.000000
vt -0.500000 3.400000 0.000000
vt 0.500000 3.400000 0.000000
vt 0.500000 3.400000 0.000000
vt -0.500000 3.400000 0.000000
vt 0.500000 -3.400000 0.000000
vt -0.500000 -3.400000 0.000000
vt 0.500000 3.400000 0.000000
vt -0.500000 3.400000 0.000000
vt 0.500000 -3.400000 0.000000
vt -0.500000 -3.400000 0.000000
vt -0.500000 -3.400000 0.000000
vt 0.500000 -3.400000 0.000000
vt -0.500000 3.400000 0.000000
vt 0.500000 3.400000 0.000000
vn -100.000000 0.000000 0.000000
vn -100.000000 0.000000 0.000000
vn -100.000000 0.000000 0.000000
vn -100.000000 0.000000 0.000000
vn 82.138611 -57.037256 0.000000
vn 82.138611 -57.037256 0.000000
vn 82.138611 -57.037256 0.000000
vn 82.138611 -57.037256 0.000000
vn 0.000000 100.000000 0.000000
vn 0.000000 100.000000 0.000000
vn 0.000000 100.000000 0.000000
vn 0.000000 100.000000 0.000000
vn -100.000000 0.000000 0.000000
vn -100.000000 0.000000 0.000000
vn -100.000000 0.000000 0.000000
vn -100.000000 0.000000 0.000000
vn -0.000000 -100.000000 0.000000
vn -0.000000 -100.000000 0.000000
vn -0.000000 -100.000000 0.000000
vn -0.000000 -100.000000 0.000000
vn -100.000000 0.000000 0.000000
vn -100.000000 0.000000 0.000000
vn -100.000000 0.000000 0.000000
vn -100.000000 0.000000 0.000000
vn -81.761138 57.577047 0.000000
vn -81.761138 57.577047 0.000000
vn -81.761138 57.577047 0.000000
vn -81.761138 57.577047 0.000000
vn 0.000000 100.000000 0.000000
vn 0.000000 100.000000 0.000000
vn 0.000000 100.000000 0.000000
vn 0.000000 100.000000 0.000000
vn 100.000000 -0.000000 0.000000
vn 100.000000 -0.000000 0.000000
vn 100.000000 -0.000000 0.000000
vn 100.000000 -0.000000 0.000000
vn 0.000000 100.000000 0.000000
vn 0.000000 100.000000 0.000000
vn 0.000000 100.000000 0.000000
vn 0.000000 100.000000 0.000000
vn 100.000000 -0.000000 0.000000
vn 100.000000 -0.000000 0.000000
vn 100.000000 -0.000000 0.000000
vn 100.000000 -0.000000 0.000000
vn 0.000000 -100.000000 0.000000
vn 0.000000 -100.000000 0.000000
vn 0.000000 -100.000000 0.000000
vn 0.000000 -100.000000 0.000000
vn 100.000000 -0.000000 0.000000
vn 100.000000 -0.000000 0.000000
vn 100.000000 -0.000000 0.000000
vn 100.000000 -0.000000 0.000000
vn 0.000000 -100.000000 0.000000
vn 0.000000 -100.000000 0.000000
vn 0.000000 -100.000000 0.000000
vn 0.000000 -100.000000 0.000000
vn 0.000000 0.000000 100.000000
vn 0.000000 0.000000 100.000000
vn 0.000000 0.000000 100.000000
vn 0.000000 0.000000 100.000000
vn 0.000000 0.000000 100.000000
vn 0.000000 0.000000 100.000000
vn 0.000000 0.000000 100.000000
vn 0.000000 0.000000 100.000000
vn 0.000000 0.000000 100.000000
vn 0.000000 0.000000 100.000000
vn 0.000000 0.000000 100.000000
vn 0.000000 0.000000 100.000000
vn 0.000000 0.000000 100.000000
vn 0.000000 0.000000 100.000000
vn -13.216477 99.122776 0.000000
vn -13.216477 99.122776 0.000000
vn -13.216477 99.122776 0.000000
vn -13.216477 99.122776 0.000000
vn 77.216065 63.542737 0.000000
vn 81.155984 58.426930 0.000000
vn 77.216065 63.542737 0.000000
vn 81.155984 58.426930 0.000000
vn 90.864998 41.755864 0.000000
vn 90.864998 41.755864 0.000000
vn 96.271169 27.052949 0.000000
vn 96.271169 27.052949 0.000000
vn 97.516236 22.149126 0.000000
vn 97.516236 22.149126 0.000000
vn 7.643458 99.707460 0.000000
vn 14.268347 98.976837 0.000000
vn 7.643458 99.707460 0.000000
vn 14.268347 98.976837 0.000000
vn 34.553700 93.840512 0.000000
vn 34.553700 93.840512 0.000000
vn 53.965150 84.188850 0.000000
vn 53.965150 84.188850 0.000000
vn 59.653437 80.258753 0.000000
vn 59.653437 80.258753 0.000000
vn -63.836407 76.973457 0.000000
vn -58.048307 81.427232 0.000000
vn -63.836407 76.973457 0.000000
vn -58.048307 81.427232 0.000000
vn -37.831918 92.567521 0.000000
vn -37.831918 92.567521 0.000000
vn -15.909495 98.726329 0.000000
vn -15.909495 98.726329 0.000000
vn -8.762243 99.615376 0.000000
vn -8.762243 99.615376 0.000000
vn -99.653957 8.311972 0.000000
vn -98.812842 15.363015 0.000000
vn -99.653957 8.311972 0.000000
vn -98.812842 15.363015 0.000000
vn -92.901391 37.004479 0.000000
vn -92.901391 37.004479 0.000000
vn -81.961611 57.291311 0.000000
vn -81.961611 57.291311 0.000000
vn -77.562526 63.119368 0.000000
vn -77.562526 63.119368 0.000000
vn -77.644955 -63.017941 0.000000
vn -82.109766 -57.078773 0.000000
vn -77.644955 -63.017941 0.000000
vn -82.109766 -57.078773 0.000000
vn -93.142481 -36.393383 0.000000
vn -93.142481 -36.393383 0.000000
vn -98.900473 -14.788387 0.000000
vn -98.900473 -14.788387 0.000000
vn -99.698255 -7.762595 0.000000
vn -99.698255 -7.762595 0.000000
vn -7.580971 -99.712230 0.000000
vn -14.538034 -98.937584 0.000000
vn -7.580971 -99.712230 0.000000
vn -14.538034 -98.937584 0.000000
vn -35.929027 -93.322586 0.000000
vn -35.929027 -93.322586 0.000000
vn -56.540719 -82.481193 0.000000
vn -56.540719 -82.481193 0.000000
vn -62.477655 -78.080360 0.000000
vn -62.477655 -78.080360 0.000000
vn 24.370884 -96.984844 0.000000
vn 22.330963 -97.474756 0.000000
vn 24.370884 -96.984844 0.000000
vn 22.330963 -97.474756 0.000000
vn 16.123457 -98.691611 0.000000
vn 16.123457 -98.691611 0.000000
vn 8.540119 -99.634665 0.000000
vn 8.540119 -99.634665 0.000000
vn 5.938602 -99.823509 0.000000
vn 5.938602 -99.823509 0.000000
vn -99.208349 12.558007 0.000000
vn -99.208349 12.558007 0.000000
vn -99.208349 12.558007 0.000000
vn -99.208349 12.558007 0.000000
vn 2.758429 99.961948 0.000000
vn 3.886768 99.924437 0.000000
vn 2.758429 99.961948 0.000000
vn 3.886768 99.924437 0.000000
vn 7.150801 99.744003 0.000000
vn 7.150801 99.744003 0.000000
vn 9.791064 99.519521 0.000000
vn 9.791064 99.519521 0.000000
vn 10.668891 99.429245 0.000000
vn 10.668891 99.429245 0.000000
vn -48.149068 87.645121 0.000000
vn -43.316555 90.131438 0.000000
vn -48.149068 87.645121 0.000000
vn -43.316555 90.131438 0.000000
vn -27.668256 96.096137 0.000000
vn -27.668256 96.096137 0.000000
vn -11.652090 99.318824 0.000000
vn -11.652090 99.318824 0.000000
vn -6.375242 99.796575 0.000000
vn -6.375242 99.796575 0.000000
vn -99.656685 8.279200 0.000000
vn -98.575221 16.820397 0.000000
vn -99.656685 8.279200 0.000000
vn -98.575221 16.820397 0.000000
vn -96.011031 27.962153 0.000000
vn -96.011031 27.962153 0.000000
vn -89.975760 43.639003 0.000000
vn -89.975760 43.639003 0.000000
vn -80.614895 59.171266 0.000000
vn -80.614895 59.171266 0.000000
vn -72.613142 68.755594 0.000000
vn -72.613142 68.755594 0.000000
vn -65.844392 75.262979 0.000000
vn -65.844392 75.262979 0.000000
vn -76.688048 -64.178995 0.000000
vn -81.276476 -58.259201 0.000000
vn -76.688048 -64.178995 0.000000
vn -81.276476 -58.259201 0.000000
vn -92.701398 -37.502678 0.000000
vn -92.701398 -37.502678 0.000000
vn -98.801500 -15.435787 0.000000
vn -98.801500 -15.435787 0.000000
vn -99.658376 -8.258821 0.000000
vn -99.658376 -8.258821 0.000000
vn -6.902999 -99.761459 0.000000
vn -13.681809 -99.059619 0.000000
vn -6.902999 -99.761459 0.000000
vn -13.681809 -99.059619 0.000000
vn -34.534708 -93.847504 0.000000
vn -34.534708 -93.847504 0.000000
vn -55.133389 -83.428469 0.000000
vn -55.133389 -83.428469 0.000000
vn -61.113503 -79.152636 0.000000
vn -61.113503 -79.152636 0.000000
vn 60.699496 -79.470568 0.000000
vn 54.871233 -83.601123 0.000000
vn 60.699496 -79.470568 0.000000
vn 54.871233 -83.601123 0.000000
vn 34.852601 -93.729911 0.000000
vn 34.852601 -93.729911 0.000000
vn 14.160027 -98.992392 0.000000
vn 14.160027 -98.992392 0.000000
vn 7.417025 -99.724559 0.000000
vn 7.417025 -99.724559 0.000000
vn 98.264676 -18.548680 0.000000
vn 97.091721 -23.941546 0.000000
vn 98.264676 -18.548680 0.000000
vn 97.091721 -23.941546 0.000000
vn 91.569035 -40.188455 0.000000
vn 91.569035 -40.188455 0.000000
vn 81.618260 -57.779405 0.000000
vn 81.618260 -57.779405 0.000000
vn 77.603223 -63.069325 0.000000
vn 77.603223 -63.069325 0.000000
vn -17.503265 -98.456263 0.000000
vn -17.503265 -98.456263 0.000000
vn -17.503265 -98.456263 0.000000
vn -17.503265 -98.456263 0.000000
vn -72.784124 68.574567 0.000000
vn -77.179159 63.587557 0.000000
vn -72.784124 68.574567 0.000000
vn -77.179159 63.587557 0.000000
vn -88.562194 46.440692 0.000000
vn -88.562194 46.440692 0.000000
vn -95.658730 29.144596 0.000000
vn -95.658730 29.144596 0.000000
vn -97.232819 23.361912 0.000000
vn -97.232819 23.361912 0.000000
vn -6.449443 99.791807 0.000000
vn -12.687586 99.191860 0.000000
vn -6.449443 99.791807 0.000000
vn -12.687586 99.191860 0.000000
vn -31.789266 94.812671 0.000000
vn -31.789266 94.812671 0.000000
vn -50.873545 86.092290 0.000000
vn -50.873545 86.092290 0.000000
vn -56.554557 82.471705 0.000000
vn -56.554557 82.471705 0.000000
vn 39.678753 91.791048 0.000000
vn 35.547211 93.468689 0.000000
vn 39.678753 91.791048 0.000000
vn 35.547211 93.468689 0.000000
vn 22.525620 97.429957 0.000000
vn 22.525620 97.429957 0.000000
vn 9.482677 99.549379 0.000000
vn 9.482677 99.549379 0.000000
vn 5.168451 99.866346 0.000000
vn 5.168451 99.866346 0.000000
vn 81.402033 58.083639 0.000000
vn 78.206142 62.320136 0.000000
vn 81.402033 58.083639 0.000000
vn 78.206142 62.320136 0.000000
vn 67.041191 74.198914 0.000000
vn 67.041191 74.198914 0.000000
vn 54.715661 83.703025 0.000000
vn 54.715661 83.703025 0.000000
vn 50.413943 86.362227 0.000000
vn 50.413943 86.362227 0.000000
vn 99.754791 6.998698 0.000000
vn 99.270128 12.059920 0.000000
vn 99.754791 6.998698 0.000000
vn 99.270128 12.059920 0.000000
vn 96.182205 27.367561 0.000000
vn 96.182205 27.367561 0.000000
vn 90.879570 41.724139 0.000000
vn 90.879570 41.724139 0.000000
vn 88.689273 46.197542 0.000000
vn 88.689273 46.197542 0.000000
vn 87.426282 -48.545290 0.000000
vn 89.922227 -43.749207 0.000000
vn 87.426282 -48.545290 0.000000
vn 89.922227 -43.749207 0.000000
vn 95.940230 -28.204119 0.000000
vn 95.940230 -28.204119 0.000000
vn 99.271586 -12.047909 0.000000
vn 99.271586 -12.047909 0.000000
vn 99.773822 -6.721938 0.000000
vn 99.773822 -6.721938 0.000000
vn 46.117316 -88.731016 0.000000
vn 50.457692 -86.336674 0.000000
vn 46.117316 -88.731016 0.000000
vn 50.457692 -86.336674 0.000000
vn 63.005572 -77.654993 0.000000
vn 63.005572 -77.654993 0.000000
vn 74.996656 -66.147575 0.000000
vn 74.996656 -66.147575 0.000000
vn 78.476831 -61.978924 0.000000
vn 78.476831 -61.978924 0.000000
vn 73.054584 68.286366 0.000000
vn 68.382769 72.964354 0.000000
vn 73.054584 68.286366 0.000000
vn 68.382769 72.964354 0.000000
vn 52.004372 85.413964 0.000000
vn 52.004372 85.413964 0.000000
vn 34.619466 93.816270 0.000000
vn 34.619466 93.816270 0.000000
vn 28.754814 95.776619 0.000000
vn 28.754814 95.776619 0.000000
vn 99.857532 5.336031 0.000000
vn 99.390526 11.023765 0.000000
vn 99.857532 5.336031 0.000000
vn 99.390526 11.023765 0.000000
vn 95.881129 28.404384 0.000000
vn 95.881129 28.404384 0.000000
vn 88.556980 46.450632 0.000000
vn 88.556980 46.450632 0.000000
vn 85.449549 51.945881 0.000000
vn 85.449549 51.945881 0.000000
vn 75.398835 -65.688779 0.000000
vn 80.061919 -59.917352 0.000000
vn 75.398835 -65.688779 0.000000
vn 80.061919 -59.917352 0.000000
vn 91.845401 -39.552780 0.000000
vn 91.845401 -39.552780 0.000000
vn 98.562674 -16.893764 0.000000
vn 98.562674 -16.893764 0.000000
vn 99.547226 -9.505255 0.000000
vn 99.547226 -9.505255 0.000000
vn 7.248845 -99.736925 0.000000
vn 14.011218 -99.013564 0.000000
vn 7.248845 -99.736925 0.000000
vn 14.011218 -99.013564 0.000000
vn 34.781444 -93.756339 0.000000
vn 34.781444 -93.756339 0.000000
vn 55.015785 -83.506068 0.000000
vn 55.015785 -83.506068 0.000000
vn 60.898767 -79.317969 0.000000
vn 60.898767 -79.317969 0.000000
vn -58.731729 -80.935678 0.000000
vn -52.930275 -84.843303 0.000000
vn -58.731729 -80.935678 0.000000
vn -52.930275 -84.843303 0.000000
vn -33.217103 -94.321917 0.000000
vn -33.217103 -94.321917 0.000000
vn -13.286226 -99.113451 0.000000
vn -13.286226 -99.113451 0.000000
vn -6.788269 -99.769331 0.000000
vn -6.788269 -99.769331 0.000000
vn -98.493145 -17.294518 0.000000
vn -97.119800 -23.827389 0.000000
vn -98.493145 -17.294518 0.000000
vn -97.119800 -23.827389 0.000000
vn -90.016927 -43.554023 0.000000
vn -90.016927 -43.554023 0.000000
vn -78.442107 -62.022865 0.000000
vn -78.442107 -62.022865 0.000000
vn -73.944370 -67.321840 0.000000
vn -73.944370 -67.321840 0.000000
vn 0.000000 0.000000 100.000000
vn 0.000000 0.000000 100.000000
vn 0.000000 0.000000 100.000000
vn 0.000000 0.000000 100.000000
vn 0.000000 0.000000 100.000000
vn 0.000000 0.000000 100.000000
vn 0.000000 0.000000 100.000000
vn 0.000000 0.000000 100.000000
vn 0.000000 0.000000 100.000000
vn 0.000000 0.000000 100.000000
vn 0.000000 0.000000 100.000000
vn 0.000000 0.000000 100.000000
vn 0.000000 0.000000 100.000000
vn 0.000000 0.000000 100.000000
vn 0.000000 0.000000 100.000000
vn 0.000000 0.000000 100.000000
vn 0.000000 0.000000 100.000000
vn 0.000000 0.000000 100.000000
vn 0.000000 0.000000 100.000000
vn 0.000000 0.000000 100.000000
vn 0.000000 0.000000 100.000000
vn 0.000000 0.000000 100.000000
vn 0.000000 0.000000 100.000000
vn 0.000000 0.000000 100.000000
vn 0.000000 0.000000 100.000000
vn 0.000000 0.000000 100.000000
vn 0.000000 0.000000 100.000000
vn 0.000000 0.000000 100.000000
vn 0.000000 0.000000 100.000000
vn 0.000000 0.000000 100.000000
vn 0.000000 0.000000 100.000000
vn 0.000000 0.000000 100.000000
vn 0.000000 0.000000 100.000000
vn 0.000000 0.000000 100.000000
vn 0.000000 0.000000 100.000000
vn 0.000000 0.000000 100.000000
vn 0.000000 0.000000 100.000000
vn 0.000000 0.000000 100.000000
vn 0.000000 0.000000 100.000000
vn 0.000000 0.000000 100.000000
vn 0.000000 0.000000 100.000000
vn 0.000000 0.000000 100.000000
vn 0.000000 0.000000 100.000000
vn 0.000000 0.000000 100.000000
vn 0.000000 0.000000 100.000000
vn 0.000000 0.000000 100.000000
vn 0.000000 0.000000 100.000000
vn 0.000000 0.000000 100.000000
vn 0.000000 0.000000 100.000000
vn 0.000000 0.000000 100.000000
vn 0.000000 0.000000 100.000000
vn 0.000000 0.000000 100.000000
vn 0.000000 0.000000 100.000000
vn 0.000000 0.000000 100.000000
vn 0.000000 0.000000 100.000000
vn 0.000000 0.000000 100.000000
vn 0.000000 0.000000 100.000000
vn 0.000000 0.000000 100.000000
vn 0.000000 0.000000 100.000000
vn 0.000000 0.000000 100.000000
vn 0.000000 0.000000 100.000000
vn 0.000000 0.000000 100.000000
vn 0.000000 0.000000 100.000000
vn 0.000000 0.000000 100.000000
vn 0.000000 0.000000 100.000000
vn 0.000000 0.000000 100.000000
vn 0.000000 0.000000 100.000000
vn 0.000000 0.000000 100.000000
vn 0.000000 0.000000 100.000000
vn 0.000000 0.000000 100.000000
vn 0.000000 0.000000 100.000000
vn 0.000000 0.000000 100.000000
vn 0.000000 0.000000 100.000000
vn 0.000000 0.000000 100.000000
vn 0.000000 0.000000 100.000000
vn 0.000000 0.000000 100.000000
vn 0.000000 0.000000 100.000000
vn 0.000000 0.000000 100.000000
vn 0.000000 0.000000 100.000000
vn 0.000000 0.000000 100.000000
vn 0.000000 0.000000 100.000000
vn 0.000000 0.000000 100.000000
vn 0.000000 0.000000 100.000000
vn 0.000000 0.000000 100.000000
vn 0.000000 0.000000 100.000000
vn 0.000000 0.000000 100.000000
vn 0.000000 0.000000 100.000000
vn 0.000000 0.000000 100.000000
vn 0.000000 0.000000 100.000000
vn 0.000000 0.000000 100.000000
vn 0.000000 0.000000 100.000000
vn 0.000000 0.000000 100.000000
vn 0.000000 0.000000 100.000000
vn 0.000000 0.000000 100.000000
vn 0.000000 0.000000 100.000000
vn 0.000000 0.000000 100.000000
vn 0.000000 0.000000 100.000000
vn 0.000000 0.000000 100.000000
vn 0.000000 0.000000 100.000000
vn 0.000000 0.000000 100.000000
vn 0.000000 0.000000 100.000000
vn 0.000000 0.000000 100.000000
vn 0.000000 0.000000 100.000000
vn 0.000000 0.000000 100.000000
vn 0.000000 0.000000 100.000000
vn 0.000000 0.000000 100.000000
vn 0.000000 0.000000 100.000000
vn 0.000000 0.000000 100.000000
vn 0.000000 0.000000 100.000000
vn 0.000000 0.000000 100.000000
vn 0.000000 0.000000 100.000000
vn 0.000000 0.000000 100.000000
vn 0.000000 0.000000 100.000000
vn 100.000000 -0.000000 0.000000
vn 100.000000 -0.000000 0.000000
vn 100.000000 -0.000000 0.000000
vn 100.000000 -0.000000 0.000000
vn -0.000000 -100.000000 0.000000
vn -0.000000 -100.000000 0.000000
vn -0.000000 -100.000000 0.000000
vn -0.000000 -100.000000 0.000000
vn -95.040513 31.101461 0.000000
vn -96.130461 27.548764 0.000000
vn -95.040513 31.101461 0.000000
vn -96.130461 27.548764 0.000000
vn -98.623087 16.537433 0.000000
vn -98.623087 16.537433 0.000000
vn -99.854891 5.385240 0.000000
vn -99.854891 5.385240 0.000000
vn -99.985640 1.694632 0.000000
vn -99.985640 1.694632 0.000000
vn -78.150093 62.390407 0.000000
vn -80.033064 59.955890 0.000000
vn -78.150093 62.390407 0.000000
vn -80.033064 59.955890 0.000000
vn -85.268571 52.242423 0.000000
vn -85.268571 52.242423 0.000000
vn -90.125690 43.328512 0.000000
vn -90.125690 43.328512 0.000000
vn -91.534326 40.267446 0.000000
vn -91.534326 40.267446 0.000000
vn -63.882936 76.934846 0.000000
vn -65.003629 75.990317 0.000000
vn -63.882936 76.934846 0.000000
vn -65.003629 75.990317 0.000000
vn -68.289184 73.051950 0.000000
vn -68.289184 73.051950 0.000000
vn -72.108893 69.284251 0.000000
vn -72.108893 69.284251 0.000000
vn -73.371986 67.945211 0.000000
vn -73.371986 67.945211 0.000000
vn -75.470073 65.606921 0.000000
vn -73.748979 67.535829 0.000000
vn -75.470073 65.606921 0.000000
vn -73.748979 67.535829 0.000000
vn -68.720012 72.646817 0.000000
vn -68.720012 72.646817 0.000000
vn -64.758590 76.199246 0.000000
vn -64.758590 76.199246 0.000000
vn -63.402625 77.331152 0.000000
vn -63.402625 77.331152 0.000000
vn -99.195920 12.655811 0.000000
vn -98.196371 18.906947 0.000000
vn -99.195920 12.655811 0.000000
vn -98.196371 18.906947 0.000000
vn -92.772611 37.326165 0.000000
vn -92.772611 37.326165 0.000000
vn -85.472214 51.908580 0.000000
vn -85.472214 51.908580 0.000000
vn -82.622810 56.333571 0.000000
vn -82.622810 56.333571 0.000000
vn -75.811133 -65.212515 0.000000
vn -80.439704 -59.409208 0.000000
vn -75.811133 -65.212515 0.000000
vn -80.439704 -59.409208 0.000000
vn -92.092097 -38.974936 0.000000
vn -92.092097 -38.974936 0.000000
vn -98.628873 -16.502890 0.000000
vn -98.628873 -16.502890 0.000000
vn -99.577789 -9.179543 0.000000
vn -99.577789 -9.179543 0.000000
vn -6.547316 -99.785433 0.000000
vn -13.241426 -99.119446 0.000000
vn -6.547316 -99.785433 0.000000
vn -13.241426 -99.119446 0.000000
vn -33.840803 -94.099947 0.000000
vn -33.840803 -94.099947 0.000000
vn -54.461155 -83.868842 0.000000
vn -54.461155 -83.868842 0.000000
vn -60.470717 -79.644789 0.000000
vn -60.470717 -79.644789 0.000000
vn 61.589025 -78.783196 0.000000
vn 55.457986 -83.213051 0.000000
vn 61.589025 -78.783196 0.000000
vn 55.457986 -83.213051 0.000000
vn 34.282644 -93.939876 0.000000
vn 34.282644 -93.939876 0.000000
vn 13.248795 -99.118462 0.000000
vn 13.248795 -99.118462 0.000000
vn 6.427707 -99.793209 0.000000
vn 6.427707 -99.793209 0.000000
vn 99.806948 -6.210726 0.000000
vn 99.173014 -12.834071 0.000000
vn 99.806948 -6.210726 0.000000
vn 99.173014 -12.834071 0.000000
vn 94.306041 -33.262150 0.000000
vn 94.306041 -33.262150 0.000000
vn 83.822063 -54.533126 0.000000
vn 83.822063 -54.533126 0.000000
vn 79.435824 -60.744957 0.000000
vn 79.435824 -60.744957 0.000000
vn -10.216525 -99.476744 0.000000
vn -10.216525 -99.476744 0.000000
vn -10.216525 -99.476744 0.000000
vn -10.216525 -99.476744 0.000000
vn -75.143888 65.980270 0.000000
vn -79.846256 60.204447 0.000000
vn -75.143888 65.980270 0.000000
vn -79.846256 60.204447 0.000000
vn -91.552640 40.225789 0.000000
vn -91.552640 40.225789 0.000000
vn -97.819024 20.771099 0.000000
vn -97.819024 20.771099 0.000000
vn -98.960626 14.380352 0.000000
vn -98.960626 14.380352 0.000000
vn -4.980614 99.875890 0.000000
vn -11.105394 99.381438 0.000000
vn -4.980614 99.875890 0.000000
vn -11.105394 99.381438 0.000000
vn -29.933233 95.414892 0.000000
vn -29.933233 95.414892 0.000000
vn -49.908437 86.655340 0.000000
vn -49.908437 86.655340 0.000000
vn -55.893188 82.921358 0.000000
vn -55.893188 82.921358 0.000000
vn 59.067186 80.691186 0.000000
vn 52.919324 84.850133 0.000000
vn 59.067186 80.691186 0.000000
vn 52.919324 84.850133 0.000000
vn 32.028091 94.732262 0.000000
vn 32.028091 94.732262 0.000000
vn 11.988153 99.278820 0.000000
vn 11.988153 99.278820 0.000000
vn 5.486791 99.849362 0.000000
vn 5.486791 99.849362 0.000000
vn 99.590338 9.042379 0.000000
vn 98.648235 16.386753 0.000000
vn 99.590338 9.042379 0.000000
vn 98.648235 16.386753 0.000000
vn 92.105998 38.942074 0.000000
vn 92.105998 38.942074 0.000000
vn 80.324735 59.564561 0.000000
vn 80.324735 59.564561 0.000000
vn 75.640993 65.409787 0.000000
vn 75.640993 65.409787 0.000000
vn 93.744659 -34.812914 0.000000
vn 94.965825 -31.328774 0.000000
vn 93.744659 -34.812914 0.000000
vn 94.965825 -31.328774 0.000000
vn 97.877659 -20.493018 0.000000
vn 97.877659 -20.493018 0.000000
vn 99.583161 -9.121073 0.000000
vn 99.583161 -9.121073 0.000000
vn 99.857036 -5.345310 0.000000
vn 99.857036 -5.345310 0.000000
vn 76.105330 -64.868935 0.000000
vn 77.873970 -62.734718 0.000000
vn 76.105330 -64.868935 0.000000
vn 77.873970 -62.734718 0.000000
vn 82.856040 -55.989969 0.000000
vn 82.856040 -55.989969 0.000000
vn 87.877184 -47.724214 0.000000
vn 87.877184 -47.724214 0.000000
vn 89.380524 -44.845535 0.000000
vn 89.380524 -44.845535 0.000000
vn 64.646811 -76.294101 0.000000
vn 65.438427 -75.616217 0.000000
vn 64.646811 -76.294101 0.000000
vn 65.438427 -75.616217 0.000000
vn 67.773573 -73.530557 0.000000
vn 67.773573 -73.530557 0.000000
vn 70.746308 -70.675030 0.000000
vn 70.746308 -70.675030 0.000000
vn 71.776574 -69.628467 0.000000
vn 71.776574 -69.628467 0.000000
vn 69.022860 -72.359137 0.000000
vn 68.203958 -73.131526 0.000000
vn 69.022860 -72.359137 0.000000
vn 68.203958 -73.131526 0.000000
vn 66.059045 -75.074647 0.000000
vn 66.059045 -75.074647 0.000000
vn 64.557983 -76.369279 0.000000
vn 64.557983 -76.369279 0.000000
vn 64.052301 -76.793898 0.000000
vn 64.052301 -76.793898 0.000000
vn 83.496580 -55.030183 0.000000
vn 82.361235 -56.715315 0.000000
vn 83.496580 -55.030183 0.000000
vn 82.361235 -56.715315 0.000000
vn 78.753842 -61.626555 0.000000
vn 78.753842 -61.626555 0.000000
vn 75.136930 -65.988194 0.000000
vn 75.136930 -65.988194 0.000000
vn 73.881691 -67.390620 0.000000
vn 73.881691 -67.390620 0.000000
vn 0.000000 100.000000 0.000000
vn 0.000000 100.000000 0.000000
vn 0.000000 100.000000 0.000000
vn 0.000000 100.000000 0.000000
vn 0.000000 0.000000 100.000000
vn 0.000000 0.000000 100.000000
vn 0.000000 0.000000 100.000000
vn 0.000000 0.000000 100.000000
vn 0.000000 0.000000 100.000000
vn 0.000000 0.000000 100.000000
vn 0.000000 0.000000 100.000000
vn 0.000000 0.000000 100.000000
vn 0.000000 0.000000 100.000000
vn 0.000000 0.000000 100.000000
vn 0.000000 0.000000 100.000000
vn 0.000000 0.000000 100.000000
vn 0.000000 0.000000 100.000000
vn 0.000000 0.000000 100.000000
vn 0.000000 0.000000 100.000000
vn 0.000000 0.000000 100.000000
vn 0.000000 0.000000 100.000000
vn 0.000000 0.000000 100.000000
vn 0.000000 0.000000 100.000000
vn 0.000000 0.000000 100.000000
vn 0.000000 0.000000 100.000000
vn 0.000000 0.000000 100.000000
vn 0.000000 0.000000 100.000000
vn 0.000000 0.000000 100.000000
vn 0.000000 0.000000 100.000000
vn 0.000000 0.000000 100.000000
vn 0.000000 0.000000 100.000000
vn 0.000000 0.000000 100.000000
vn 0.000000 0.000000 100.000000
vn 0.000000 0.000000 100.000000
vn 0.000000 0.000000 100.000000
vn 0.000000 0.000000 100.000000
vn 0.000000 0.000000 100.000000
vn 0.000000 0.000000 100.000000
vn 0.000000 0.000000 100.000000
vn 0.000000 0.000000 100.000000
vn 0.000000 0.000000 100.000000
vn 0.000000 0.000000 100.000000
vn 0.000000 0.000000 100.000000
vn 0.000000 0.000000 100.000000
vn 0.000000 0.000000 100.000000
vn 0.000000 0.000000 100.000000
vn 0.000000 0.000000 100.000000
vn 0.000000 0.000000 100.000000
vn 0.000000 0.000000 100.000000
vn 0.000000 0.000000 100.000000
vn 0.000000 0.000000 100.000000
vn 0.000000 0.000000 100.000000
vn 0.000000 0.000000 100.000000
vn 0.000000 0.000000 100.000000
vn 0.000000 0.000000 100.000000
vn 0.000000 0.000000 100.000000
vn 0.000000 0.000000 100.000000
vn 0.000000 0.000000 100.000000
vn 0.000000 0.000000 100.000000
vn 0.000000 0.000000 100.000000
vn 0.000000 0.000000 100.000000
vn 0.000000 0.000000 100.000000
vn 0.000000 0.000000 100.000000
vn 0.000000 0.000000 100.000000
vn 0.000000 0.000000 100.000000
vn 0.000000 0.000000 100.000000
vn 0.000000 0.000000 100.000000
vn 0.000000 0.000000 100.000000
vn 0.000000 0.000000 100.000000
vn 0.000000 0.000000 100.000000
vn 0.000000 0.000000 100.000000
vn 0.000000 0.000000 100.000000
vn 0.000000 0.000000 100.000000
vn 0.000000 0.000000 100.000000
vn 0.000000 0.000000 100.000000
vn 0.000000 0.000000 100.000000
vn 0.000000 0.000000 100.000000
vn 0.000000 0.000000 100.000000
vn 0.000000 0.000000 100.000000
vn 0.000000 0.000000 100.000000
vn -8.435402 99.643585 0.000000
vn -8.435402 99.643585 0.000000
vn -8.435402 99.643585 0.000000
vn -8.435402 99.643585 0.000000
vn 76.325275 64.610002 0.000000
vn 80.530730 59.285762 0.000000
vn 76.325275 64.610002 0.000000
vn 80.530730 59.285762 0.000000
vn 91.033644 41.386902 0.000000
vn 91.033644 41.386902 0.000000
vn 96.932971 24.576395 0.000000
vn 96.932971 24.576395 0.000000
vn 98.179019 18.996847 0.000000
vn 98.179019 18.996847 0.000000
vn 7.945838 99.683818 0.000000
vn 14.617818 98.925828 0.000000
vn 7.945838 99.683818 0.000000
vn 14.617818 98.925828 0.000000
vn 35.035189 93.661815 0.000000
vn 35.035189 93.661815 0.000000
vn 54.348139 83.942121 0.000000
vn 54.348139 83.942121 0.000000
vn 59.999939 80.000046 0.000000
vn 59.999939 80.000046 0.000000
vn -67.173230 74.079398 0.000000
vn -61.395617 78.934011 0.000000
vn -67.173230 74.079398 0.000000
vn -61.395617 78.934011 0.000000
vn -40.822203 91.288267 0.000000
vn -40.822203 91.288267 0.000000
vn -17.564728 98.445316 0.000000
vn -17.564728 98.445316 0.000000
vn -9.982964 99.500454 0.000000
vn -9.982964 99.500454 0.000000
vn -99.838474 5.681477 0.000000
vn -99.266830 12.087038 0.000000
vn -99.838474 5.681477 0.000000
vn -99.266830 12.087038 0.000000
vn -94.811170 31.793742 0.000000
vn -94.811170 31.793742 0.000000
vn -85.317507 52.162467 0.000000
vn -85.317507 52.162467 0.000000
vn -81.331831 58.181898 0.000000
vn -81.331831 58.181898 0.000000
vn -80.131410 -59.824385 0.000000
vn -84.401918 -53.631298 0.000000
vn -80.131410 -59.824385 0.000000
vn -84.401918 -53.631298 0.000000
vn -94.573735 -32.493209 0.000000
vn -94.573735 -32.493209 0.000000
vn -99.257828 -12.160736 0.000000
vn -99.257828 -12.160736 0.000000
vn -99.844761 -5.569886 0.000000
vn -99.844761 -5.569886 0.000000
vn -7.220084 -99.739011 0.000000
vn -14.254968 -98.978765 0.000000
vn -7.220084 -99.739011 0.000000
vn -14.254968 -98.978765 0.000000
vn -35.938409 -93.318973 0.000000
vn -35.938409 -93.318973 0.000000
vn -57.140114 -82.067091 0.000000
vn -57.140114 -82.067091 0.000000
vn -63.215815 -77.483939 0.000000
vn -63.215815 -77.483939 0.000000
vn 42.790422 -90.382408 0.000000
vn 38.329552 -92.362576 0.000000
vn 42.790422 -90.382408 0.000000
vn 38.329552 -92.362576 0.000000
vn 24.142361 -97.041983 0.000000
vn 24.142361 -97.041983 0.000000
vn 10.020639 -99.496667 0.000000
vn 10.020639 -99.496667 0.000000
vn 5.358475 -99.856331 0.000000
vn 5.358475 -99.856331 0.000000
vn 80.582199 -59.215785 0.000000
vn 77.733143 -62.909128 0.000000
vn 80.582199 -59.215785 0.000000
vn 77.733143 -62.909128 0.000000
vn 67.999621 -73.321562 0.000000
vn 67.999621 -73.321562 0.000000
vn 57.328899 -81.935324 0.000000
vn 57.328899 -81.935324 0.000000
vn 53.599718 -84.421977 0.000000
vn 53.599718 -84.421977 0.000000
vn -12.908823 -99.163311 0.000000
vn -12.908823 -99.163311 0.000000
vn -12.908823 -99.163311 0.000000
vn -12.908823 -99.163311 0.000000
vn -98.267959 18.531276 0.000000
vn -98.267959 18.531276 0.000000
vn -98.267959 18.531276 0.000000
vn -98.267959 18.531276 0.000000
vn 0.000000 100.000000 0.000000
vn 0.000000 100.000000 0.000000
vn 0.000000 100.000000 0.000000
vn 0.000000 100.000000 0.000000
vn 100.000000 -0.000000 0.000000
vn 100.000000 -0.000000 0.000000
vn 100.000000 -0.000000 0.000000
vn 100.000000 -0.000000 0.000000
vn -0.000000 -100.000000 0.000000
vn -0.000000 -100.000000 0.000000
vn -0.000000 -100.000000 0.000000
vn -0.000000 -100.000000 0.000000
vn 98.048486 -19.659461 0.000000
vn 98.048486 -19.659461 0.000000
vn 98.048486 -19.659461 0.000000
vn 98.048486 -19.659461 0.000000
vn -8.738602 99.617452 0.000000
vn -14.503551 98.942645 0.000000
vn -8.738602 99.617452 0.000000
vn -14.503551 98.942645 0.000000
vn -31.917162 94.769693 0.000000
vn -31.917162 94.769693 0.000000
vn -47.456240 88.022187 0.000000
vn -47.456240 88.022187 0.000000
vn -52.204175 85.291993 0.000000
vn -52.204175 85.291993 0.000000
vn 63.883266 76.934572 0.000000
vn 58.089064 81.398161 0.000000
vn 63.883266 76.934572 0.000000
vn 58.089064 81.398161 0.000000
vn 37.843998 92.562583 0.000000
vn 37.843998 92.562583 0.000000
vn 15.902505 98.727455 0.000000
vn 15.902505 98.727455 0.000000
vn 8.749856 99.616465 0.000000
vn 8.749856 99.616465 0.000000
vn 99.735292 7.271280 0.000000
vn 98.989177 14.182486 0.000000
vn 99.735292 7.271280 0.000000
vn 98.989177 14.182486 0.000000
vn 93.506855 35.446693 0.000000
vn 93.506855 35.446693 0.000000
vn 82.729683 56.176504 0.000000
vn 82.729683 56.176504 0.000000
vn 78.335498 62.157459 0.000000
vn 78.335498 62.157459 0.000000
vn 83.425948 -55.137204 0.000000
vn 86.764143 -49.719045 0.000000
vn 83.425948 -55.137204 0.000000
vn 86.764143 -49.719045 0.000000
vn 94.859669 -31.648746 0.000000
vn 94.859669 -31.648746 0.000000
vn 99.141178 -13.077721 0.000000
vn 99.141178 -13.077721 0.000000
vn 99.755259 -6.992024 0.000000
vn 99.755259 -6.992024 0.000000
vn 8.819766 -99.610299 0.000000
vn 16.793526 -98.579803 0.000000
vn 8.819766 -99.610299 0.000000
vn 16.793526 -98.579803 0.000000
vn 41.520354 -90.972854 0.000000
vn 41.520354 -90.972854 0.000000
vn 55.518965 -83.172379 0.000000
vn 55.518965 -83.172379 0.000000
vn 64.365797 -76.531328 0.000000
vn 64.365797 -76.531328 0.000000
vn 70.573675 -70.847416 0.000000
vn 70.573675 -70.847416 0.000000
vn -57.335751 -81.930530 0.000000
vn -51.464795 -85.740159 0.000000
vn -57.335751 -81.930530 0.000000
vn -51.464795 -85.740159 0.000000
vn -31.673987 -94.851244 0.000000
vn -31.673987 -94.851244 0.000000
vn -12.283012 -99.242771 0.000000
vn -12.283012 -99.242771 0.000000
vn -5.966791 -99.821828 0.000000
vn -5.966791 -99.821828 0.000000
vn -98.568292 -16.860958 0.000000
vn -97.216438 -23.429986 0.000000
vn -98.568292 -16.860958 0.000000
vn -97.216438 -23.429986 0.000000
vn -90.139368 -43.300050 0.000000
vn -90.139368 -43.300050 0.000000
vn -78.329276 -62.165300 0.000000
vn -78.329276 -62.165300 0.000000
vn -73.723769 -67.563348 0.000000
vn -73.723769 -67.563348 0.000000
vn 0.000000 0.000000 100.000000
vn 0.000000 0.000000 100.000000
vn 0.000000 0.000000 100.000000
vn 0.000000 0.000000 100.000000
vn 0.000000 0.000000 100.000000
vn 0.000000 0.000000 100.000000
vn 0.000000 0.000000 100.000000
vn 0.000000 0.000000 100.000000
vn 0.000000 0.000000 100.000000
vn 0.000000 0.000000 100.000000
vn 0.000000 0.000000 100.000000
vn 0.000000 0.000000 100.000000
vn 0.000000 0.000000 100.000000
vn 0.000000 0.000000 100.000000
vn 0.000000 0.000000 100.000000
vn 0.000000 0.000000 100.000000
vn 0.000000 0.000000 100.000000
vn 0.000000 0.000000 100.000000
vn 0.000000 0.000000 100.000000
vn 0.000000 0.000000 100.000000
vn 0.000000 0.000000 100.000000
vn 0.000000 0.000000 100.000000
vn 0.000000 0.000000 100.000000
vn 0.000000 0.000000 100.000000
vn 0.000000 0.000000 100.000000
vn 0.000000 0.000000 100.000000
vn 0.000000 0.000000 100.000000
vn 0.000000 0.000000 100.000000
vn 0.000000 0.000000 100.000000
vn 0.000000 0.000000 100.000000
vn 0.000000 0.000000 100.000000
vn 0.000000 0.000000 100.000000
vn 0.000000 0.000000 100.000000
vn 0.000000 0.000000 100.000000
vn 0.000000 0.000000 100.000000
vn 0.000000 0.000000 100.000000
vn 0.000000 0.000000 100.000000
vn 0.000000 0.000000 100.000000
vn 0.000000 0.000000 100.000000
vn 0.000000 0.000000 100.000000
vn 0.000000 0.000000 100.000000
vn 0.000000 0.000000 100.000000
vn 0.000000 0.000000 100.000000
vn 0.000000 0.000000 100.000000
vn 0.000000 0.000000 100.000000
vn 0.000000 0.000000 100.000000
vn 0.000000 0.000000 100.000000
vn 0.000000 0.000000 100.000000
vn 0.000000 0.000000 100.000000
vn 0.000000 0.000000 100.000000
vn 0.000000 0.000000 100.000000
vn 0.000000 0.000000 100.000000
vn 0.000000 0.000000 100.000000
vn 0.000000 0.000000 100.000000
vn 0.000000 0.000000 100.000000
vn 0.000000 0.000000 100.000000
vn 0.000000 0.000000 100.000000
vn 0.000000 0.000000 100.000000
vn 0.000000 0.000000 100.000000
vn 0.000000 0.000000 100.000000
vn 0.000000 0.000000 100.000000
vn 0.000000 0.000000 100.000000
vn 0.000000 0.000000 100.000000
vn 0.000000 0.000000 100.000000
vn 0.000000 0.000000 100.000000
vn 0.000000 0.000000 100.000000
vn 0.000000 0.000000 100.000000
vn 0.000000 0.000000 100.000000
vn 0.000000 0.000000 100.000000
vn 0.000000 0.000000 100.000000
vn 0.000000 0.000000 100.000000
vn 0.000000 -100.000000 0.000000
vn 0.000000 -100.000000 0.000000
vn 0.000000 -100.000000 0.000000
vn 0.000000 -100.000000 0.000000
vn -100.000000 0.000000 0.000000
vn -100.000000 0.000000 0.000000
vn -100.000000 0.000000 0.000000
vn -100.000000 0.000000 0.000000
vn 0.000000 100.000000 0.000000
vn 0.000000 100.000000 0.000000
vn 0.000000 100.000000 0.000000
vn 0.000000 100.000000 0.000000
vn 100.000000 0.000000 0.000000
vn 100.000000 0.000000 0.000000
vn 100.000000 0.000000 0.000000
vn 100.000000 0.000000 0.000000
vn -100.000000 0.000000 0.000000
vn -100.000000 0.000000 0.000000
vn -100.000000 0.000000 0.000000
vn -100.000000 0.000000 0.000000
vn 0.000000 100.000000 0.000000
vn 0.000000 100.000000 0.000000
vn 0.000000 100.000000 0.000000
vn 0.000000 100.000000 0.000000
vn 100.000000 0.000000 0.000000
vn 100.000000 0.000000 0.000000
vn 100.000000 0.000000 0.000000
vn 100.000000 0.000000 0.000000
vn 0.000000 -100.000000 0.000000
vn 0.000000 -100.000000 0.000000
vn 0.000000 -100.000000 0.000000
vn 0.000000 -100.000000 0.000000
vn -100.000000 0.000000 -0.000000
vn -100.000000 0.000000 -0.000000
vn -100.000000 0.000000 -0.000000
vn -100.000000 0.000000 -0.000000
vn -0.000000 100.000000 -0.000000
vn -0.000000 100.000000 -0.000000
vn -0.000000 100.000000 -0.000000
vn -0.000000 100.000000 -0.000000
vn 100.000000 0.000000 0.000000
vn 100.000000 0.000000 0.000000
vn 100.000000 0.000000 0.000000
vn 100.000000 0.000000 0.000000
vn 0.000000 -100.000000 0.000000
vn 0.000000 -100.000000 0.000000
vn 0.000000 -100.000000 0.000000
vn 0.000000 -100.000000 0.000000
vn 100.000000 0.000000 0.000000
vn 100.000000 0.000000 0.000000
vn 100.000000 0.000000 0.000000
vn 100.000000 0.000000 0.000000
vn 0.000000 -100.000000 0.000000
vn 0.000000 -100.000000 0.000000
vn 0.000000 -100.000000 0.000000
vn 0.000000 -100.000000 0.000000
vn -100.000000 0.000000 0.000000
vn -100.000000 0.000000 0.000000
vn -100.000000 0.000000 0.000000
vn -100.000000 0.000000 0.000000
vn 0.000000 100.000000 0.000000
vn 0.000000 100.000000 0.000000
vn 0.000000 100.000000 0.000000
vn 0.000000 100.000000 0.000000
vn 0.000000 -94.868330 31.622777
vn 0.000000 -94.868330 31.622777
vn 0.000000 -94.868330 31.622777
vn 0.000000 -94.868330 31.622777
vn -94.868330 0.000000 31.622777
vn -94.868330 0.000000 31.622777
vn -94.868330 0.000000 31.622777
vn -94.868330 0.000000 31.622777
vn -94.868330 0.000000 31.622777
vn -94.868330 0.000000 31.622777
vn -94.868330 0.000000 31.622777
vn -94.868330 0.000000 31.622777
vn 0.000000 94.868330 31.622777
vn 0.000000 94.868330 31.622777
vn 0.000000 94.868330 31.622777
vn 0.000000 94.868330 31.622777
vn -94.868330 0.000000 31.622777
vn -94.868330 0.000000 31.622777
vn -94.868330 0.000000 31.622777
vn -94.868330 0.000000 31.622777
vn 0.000000 94.868330 31.622777
vn 0.000000 94.868330 31.622777
vn 0.000000 94.868330 31.622777
vn 0.000000 94.868330 31.622777
vn 94.868330 -0.000000 31.622777
vn 94.868330 -0.000000 31.622777
vn 94.868330 -0.000000 31.622777
vn 94.868330 -0.000000 31.622777
vn 0.000000 -94.868330 31.622777
vn 0.000000 -94.868330 31.622777
vn 0.000000 -94.868330 31.622777
vn 0.000000 -94.868330 31.622777
vn 0.000000 94.868330 31.622777
vn 0.000000 94.868330 31.622777
vn 0.000000 94.868330 31.622777
vn 0.000000 94.868330 31.622777
vn 0.000000 -94.868330 31.622777
vn 0.000000 -94.868330 31.622777
vn 0.000000 -94.868330 31.622777
vn 0.000000 -94.868330 31.622777
vn 0.000000 0.000000 100.000000
vn 0.000000 0.000000 100.000000
vn 0.000000 0.000000 100.000000
vn 0.000000 0.000000 100.000000
vn 0.000000 0.000000 100.000000
vn 0.000000 0.000000 100.000000
vn 0.000000 0.000000 100.000000
vn 0.000000 0.000000 100.000000
vn 94.868330 -0.000000 31.622777
vn 94.868330 -0.000000 31.622777
vn 94.868330 -0.000000 31.622777
vn 94.868330 -0.000000 31.622777
vn -0.000000 -94.868330 31.622777
vn -0.000000 -94.868330 31.622777
vn -0.000000 -94.868330 31.622777
vn -0.000000 -94.868330 31.622777
vn 94.868330 0.000000 31.622777
vn 94.868330 0.000000 31.622777
vn 94.868330 0.000000 31.622777
vn 94.868330 0.000000 31.622777
vn 0.000000 0.000000 100.000000
vn 0.000000 0.000000 100.000000
vn 0.000000 0.000000 100.000000
vn 0.000000 0.000000 100.000000
vn -94.868330 0.000000 31.622777
vn -94.868330 0.000000 31.622777
vn -94.868330 0.000000 31.622777
vn -94.868330 0.000000 31.622777
vn 0.000000 94.868330 31.622777
vn 0.000000 94.868330 31.622777
vn 0.000000 94.868330 31.622777
vn 0.000000 94.868330 31.622777
vn 0.000000 0.000000 100.000000
vn 0.000000 0.000000 100.000000
vn 0.000000 0.000000 100.000000
vn 0.000000 0.000000 100.000000
vn 94.868330 -0.000000 31.622777
vn 94.868330 -0.000000 31.622777
vn 94.868330 -0.000000 31.622777
vn 94.868330 -0.000000 31.622777
vn 0.000000 0.000000 100.000000
vn 0.000000 0.000000 100.000000
vn 0.000000 0.000000 100.000000
vn 0.000000 0.000000 100.000000
vn 0.000000 0.000000 100.000000
vn 0.000000 0.000000 100.000000
vn 0.000000 0.000000 100.000000
vn 0.000000 0.000000 100.000000
vn 0.000000 0.000000 100.000000
vn 0.000000 0.000000 100.000000
vn 0.000000 0.000000 100.000000
vn 0.000000 0.000000 100.000000
vn 0.000000 0.000000 100.000000
vn 0.000000 0.000000 100.000000
vn 0.000000 0.000000 100.000000
vn 0.000000 0.000000 100.000000
vn 0.000000 0.000000 100.000000
vn 0.000000 0.000000 100.000000
vn 0.000000 0.000000 100.000000
vn 0.000000 0.000000 100.000000
vn 0.000000 0.000000 100.000000
vn 0.000000 0.000000 100.000000
vn 0.000000 0.000000 100.000000
vn 0.000000 0.000000 100.000000
vn 0.000000 0.000000 100.000000
vn 0.000000 0.000000 100.000000
vn 0.000000 0.000000 100.000000
vn 0.000000 0.000000 100.000000
vn 0.000000 0.000000 100.000000
vn 0.000000 0.000000 100.000000
vn 0.000000 0.000000 100.000000
vn 0.000000 0.000000 100.000000
vn 0.000000 0.000000 100.000000
vn 0.000000 0.000000 100.000000
vn 0.000000 0.000000 100.000000
vn 0.000000 0.000000 100.000000
vn 0.000000 0.000000 100.000000
vn 0.000000 0.000000 100.000000
vn 0.000000 0.000000 100.000000
vn 0.000000 0.000000 100.000000
vn 0.000000 0.000000 100.000000
vn 0.000000 0.000000 100.000000
vn 0.000000 0.000000 100.000000
vn 0.000000 0.000000 100.000000
vn 0.000000 0.000000 100.000000
vn 0.000000 0.000000 100.000000
vn 0.000000 0.000000 100.000000
vn 0.000000 0.000000 100.000000
vn 0.000000 0.000000 100.000000
vn 0.000000 0.000000 100.000000
vn 0.000000 0.000000 100.000000
vn 0.000000 0.000000 100.000000
vn 0.000000 0.000000 100.000000
vn 0.000000 0.000000 100.000000
vn 0.000000 0.000000 100.000000
vn 0.000000 0.000000 100.000000
vn 0.000000 0.000000 100.000000
vn 0.000000 0.000000 100.000000
vn 0.000000 0.000000 100.000000
vn 0.000000 0.000000 100.000000
vn 0.000000 0.000000 100.000000
vn 0.000000 0.000000 100.000000
vn 0.000000 0.000000 100.000000
vn 0.000000 0.000000 100.000000
vn 0.000000 0.000000 100.000000
vn 0.000000 0.000000 100.000000
vn 0.000000 0.000000 100.000000
vn 0.000000 0.000000 100.000000
vn 0.000000 0.000000 100.000000
vn 0.000000 0.000000 100.000000
vn 0.000000 0.000000 100.000000
vn 0.000000 0.000000 100.000000
vn 0.000000 0.000000 100.000000
vn 0.000000 0.000000 100.000000
vn 0.000000 0.000000 100.000000
vn 0.000000 0.000000 100.000000
vn 0.000000 0.000000 100.000000
vn 0.000000 0.000000 100.000000
vn 0.000000 0.000000 100.000000
vn 0.000000 0.000000 100.000000
vn 0.000000 0.000000 100.000000
vn 0.000000 0.000000 100.000000
vn 0.000000 0.000000 100.000000
vn 0.000000 0.000000 100.000000
vn 0.000000 0.000000 100.000000
vn 0.000000 0.000000 100.000000
vn 0.000000 0.000000 100.000000
vn 0.000000 0.000000 100.000000
vn 0.000000 0.000000 100.000000
vn 0.000000 0.000000 100.000000
vn 0.000000 0.000000 100.000000
vn 0.000000 0.000000 100.000000
vn 0.000000 0.000000 100.000000
vn 0.000000 0.000000 100.000000
vn 0.000000 0.000000 100.000000
vn 0.000000 0.000000 100.000000
vn 0.000000 0.000000 100.000000
vn 0.000000 0.000000 100.000000
vn 0.000000 0.000000 100.000000
vn 0.000000 0.000000 100.000000
vn 0.000000 0.000000 100.000000
vn 0.000000 0.000000 100.000000
vn 0.000000 0.000000 100.000000
vn 0.000000 0.000000 100.000000
vn 0.000000 0.000000 100.000000
vn 0.000000 0.000000 100.000000
vn 0.000000 0.000000 100.000000
vn 0.000000 0.000000 100.000000
vn 0.000000 0.000000 100.000000
vn 0.000000 0.000000 100.000000
vn 0.000000 0.000000 100.000000
vn 0.000000 0.000000 100.000000
vn 0.000000 0.000000 100.000000
vn 0.000000 0.000000 100.000000
vn 0.000000 0.000000 100.000000
vn 0.000000 0.000000 100.000000
vn 0.000000 0.000000 100.000000
vn 0.000000 0.000000 100.000000
vn 0.000000 0.000000 100.000000
vn 0.000000 0.000000 100.000000
vn 0.000000 0.000000 100.000000
vn 0.000000 0.000000 100.000000
vn 0.000000 0.000000 100.000000
vn 0.000000 0.000000 100.000000
vn 0.000000 0.000000 100.000000
vn 0.000000 0.000000 100.000000
vn 0.000000 0.000000 100.000000
vn 0.000000 0.000000 100.000000
vn 0.000000 0.000000 100.000000
vn 0.000000 0.000000 100.000000
vn 0.000000 0.000000 100.000000
vn 0.000000 0.000000 100.000000
vn 0.000000 0.000000 100.000000
vn 0.000000 0.000000 100.000000
vn 0.000000 0.000000 100.000000
vn 0.000000 0.000000 100.000000
vn 0.000000 0.000000 100.000000
vn 0.000000 0.000000 100.000000
vn 0.000000 0.000000 100.000000
vn 0.000000 0.000000 100.000000
vn 0.000000 0.000000 100.000000
vn 0.000000 0.000000 100.000000
vn 0.000000 0.000000 100.000000
vn 0.000000 0.000000 100.000000
vn 0.000000 0.000000 100.000000
vn 0.000000 0.000000 100.000000
vn 0.000000 0.000000 100.000000
vn 0.000000 0.000000 100.000000
vn 0.000000 0.000000 100.000000
vn 0.000000 0.000000 100.000000
vn 0.000000 0.000000 100.000000
vn 0.000000 0.000000 100.000000
vn 0.000000 0.000000 100.000000
vn 0.000000 0.000000 100.000000
vn 0.000000 0.000000 100.000000
vn 0.000000 0.000000 100.000000
vn 0.000000 0.000000 100.000000
vn 0.000000 0.000000 100.000000
vn 0.000000 0.000000 100.000000
vn 0.000000 0.000000 100.000000
vn 0.000000 0.000000 100.000000
vn 0.000000 0.000000 100.000000
vn 0.000000 0.000000 100.000000
vn 0.000000 0.000000 100.000000
vn 0.000000 0.000000 100.000000
vn 0.000000 0.000000 100.000000
vn 0.000000 0.000000 100.000000
vn 0.000000 0.000000 100.000000
vn 0.000000 0.000000 100.000000
vn 0.000000 0.000000 100.000000
vn 0.000000 0.000000 100.000000
vn 0.000000 0.000000 100.000000
vn 0.000000 0.000000 100.000000
vn 0.000000 0.000000 100.000000
vn 0.000000 0.000000 100.000000
vn 0.000000 0.000000 100.000000
vn 0.000000 0.000000 100.000000
vn 0.000000 0.000000 100.000000
vn 0.000000 0.000000 100.000000
vn 0.000000 0.000000 100.000000
vn 0.000000 0.000000 100.000000
vn 0.000000 0.000000 100.000000
vn 0.000000 0.000000 100.000000
vn 0.000000 0.000000 100.000000
vn 0.000000 0.000000 100.000000
vn 0.000000 0.000000 100.000000
vn 0.000000 0.000000 100.000000
vn 0.000000 0.000000 100.000000
vn 0.000000 0.000000 100.000000
vn 0.000000 0.000000 100.000000
vn 0.000000 0.000000 100.000000
vn 0.000000 0.000000 100.000000
vn 0.000000 0.000000 100.000000
vn 0.000000 0.000000 100.000000
vn 0.000000 0.000000 100.000000
vn 0.000000 0.000000 100.000000
vn 0.000000 0.000000 100.000000
vn 0.000000 0.000000 100.000000
vn 0.000000 0.000000 100.000000
vn 0.000000 0.000000 100.000000
vn 0.000000 0.000000 100.000000
vn 0.000000 0.000000 100.000000
vn 0.000000 0.000000 100.000000
vn 0.000000 0.000000 100.000000
vn 0.000000 0.000000 100.000000
vn 0.000000 0.000000 100.000000
vn 0.000000 0.000000 100.000000
vn 0.000000 0.000000 100.000000
vn 0.000000 0.000000 100.000000
vn 0.000000 0.000000 100.000000
vn 0.000000 0.000000 100.000000
vn 0.000000 0.000000 100.000000
vn 0.000000 0.000000 100.000000
vn 0.000000 0.000000 100.000000
vn 0.000000 0.000000 100.000000
vn 0.000000 0.000000 100.000000
vn 0.000000 0.000000 100.000000
vn 0.000000 0.000000 100.000000
vn 0.000000 0.000000 100.000000
vn 0.000000 0.000000 100.000000
vn 0.000000 0.000000 100.000000
vn 0.000000 0.000000 100.000000
vn 0.000000 0.000000 100.000000
vn 0.000000 0.000000 100.000000
vn 0.000000 0.000000 100.000000
vn 0.000000 0.000000 100.000000
vn 0.000000 0.000000 100.000000
vn 0.000000 0.000000 100.000000
vn 0.000000 0.000000 100.000000
vn 0.000000 0.000000 100.000000
vn 0.000000 0.000000 100.000000
vn 0.000000 0.000000 100.000000
vn 0.000000 0.000000 100.000000
vn 0.000000 0.000000 100.000000
vn 0.000000 0.000000 100.000000
vn 0.000000 0.000000 100.000000
vn 0.000000 0.000000 100.000000
vn 0.000000 0.000000 100.000000
vn 0.000000 0.000000 100.000000
vn 0.000000 0.000000 100.000000
vn 0.000000 0.000000 100.000000
vn 0.000000 0.000000 100.000000
vn 0.000000 0.000000 100.000000
vn 0.000000 0.000000 100.000000
vn 0.000000 0.000000 100.000000
vn 0.000000 0.000000 100.000000
vn 0.000000 0.000000 100.000000
vn 0.000000 0.000000 100.000000
vn 0.000000 0.000000 100.000000
vn 0.000000 0.000000 100.000000
vn 0.000000 0.000000 100.000000
vn 0.000000 0.000000 100.000000
vn 0.000000 0.000000 100.000000
vn 0.000000 0.000000 100.000000
vn 0.000000 0.000000 100.000000
vn 0.000000 0.000000 100.000000
vn 0.000000 0.000000 100.000000
vn 0.000000 0.000000 100.000000
vn 0.000000 0.000000 100.000000
vn 0.000000 0.000000 100.000000
vn 0.000000 0.000000 100.000000
vn 0.000000 0.000000 100.000000
vn 0.000000 0.000000 100.000000
vn 0.000000 0.000000 100.000000
vn 0.000000 0.000000 100.000000
vn 0.000000 0.000000 100.000000
vn 0.000000 0.000000 100.000000
vn 0.000000 0.000000 100.000000
vn 0.000000 0.000000 100.000000
vn 0.000000 0.000000 100.000000
vn 0.000000 0.000000 100.000000
vn 0.000000 0.000000 100.000000
vn 0.000000 0.000000 100.000000
vn 0.000000 0.000000 100.000000
vn 0.000000 0.000000 100.000000
vn 0.000000 0.000000 100.000000
vn 0.000000 0.000000 100.000000
vn 0.000000 0.000000 100.000000
vn 0.000000 0.000000 100.000000
vn 0.000000 0.000000 100.000000
vn 0.000000 0.000000 100.000000
vn 0.000000 0.000000 100.000000
vn 0.000000 0.000000 100.000000
vn 0.000000 0.000000 100.000000
vn 0.000000 0.000000 100.000000
vn 0.000000 0.000000 100.000000
vn 0.000000 0.000000 100.000000
vn 0.000000 0.000000 100.000000
vn 100.000000 0.000000 0.000000
vn 100.000000 0.000000 0.000000
vn 100.000000 0.000000 0.000000
vn 100.000000 0.000000 0.000000
vn 0.000000 -100.000000 0.000000
vn 0.000000 -100.000000 0.000000
vn 0.000000 -100.000000 0.000000
vn 0.000000 -100.000000 0.000000
vn 0.000000 0.000000 -100.000000
vn 0.000000 0.000000 -100.000000
vn 0.000000 0.000000 -100.000000
vn 0.000000 0.000000 -100.000000
vn -100.000000 0.000000 0.000000
vn -100.000000 0.000000 0.000000
vn -100.000000 0.000000 0.000000
vn -100.000000 0.000000 0.000000
vn -0.000000 100.000000 -0.000000
vn -0.000000 100.000000 -0.000000
vn -0.000000 100.000000 -0.000000
vn -0.000000 100.000000 -0.000000
vn 100.000000 0.000000 0.000000
vn 100.000000 0.000000 0.000000
vn 100.000000 0.000000 0.000000
vn 100.000000 0.000000 0.000000
vn 0.000000 -100.000000 0.000000
vn 0.000000 -100.000000 0.000000
vn 0.000000 -100.000000 0.000000
vn 0.000000 -100.000000 0.000000
vn 0.000000 0.000000 -100.000000
vn 0.000000 0.000000 -100.000000
vn 0.000000 0.000000 -100.000000
vn 0.000000 0.000000 -100.000000
vn -100.000000 0.000000 0.000000
vn -100.000000 0.000000 0.000000
vn -100.000000 0.000000 0.000000
vn -100.000000 0.000000 0.000000
vn -0.000000 100.000000 -0.000000
vn -0.000000 100.000000 -0.000000
vn -0.000000 100.000000 -0.000000
vn -0.000000 100.000000 -0.000000
vn 100.000000 0.000000 0.000000
vn 100.000000 0.000000 0.000000
vn 100.000000 0.000000 0.000000
vn 100.000000 0.000000 0.000000
vn 0.000000 -100.000000 0.000000
vn 0.000000 -100.000000 0.000000
vn 0.000000 -100.000000 0.000000
vn 0.000000 -100.000000 0.000000
vn 0.000000 0.000000 -100.000000
vn 0.000000 0.000000 -100.000000
vn 0.000000 0.000000 -100.000000
vn 0.000000 0.000000 -100.000000
vn -100.000000 0.000000 0.000000
vn -100.000000 0.000000 0.000000
vn -100.000000 0.000000 0.000000
vn -100.000000 0.000000 0.000000
vn -0.000000 100.000000 -0.000000
vn -0.000000 100.000000 -0.000000
vn -0.000000 100.000000 -0.000000
vn -0.000000 100.000000 -0.000000
vn 100.000000 0.000000 0.000000
vn 100.000000 0.000000 0.000000
vn 100.000000 0.000000 0.000000
vn 100.000000 0.000000 0.000000
vn 0.000000 -100.000000 0.000000
vn 0.000000 -100.000000 0.000000
vn 0.000000 -100.000000 0.000000
vn 0.000000 -100.000000 0.000000
vn 0.000000 0.000000 -100.000000
vn 0.000000 0.000000 -100.000000
vn 0.000000 0.000000 -100.000000
vn 0.000000 0.000000 -100.000000
vn -100.000000 0.000000 0.000000
vn -100.000000 0.000000 0.000000
vn -100.000000 0.000000 0.000000
vn -100.000000 0.000000 0.000000
vn -0.000000 100.000000 -0.000000
vn -0.000000 100.000000 -0.000000
vn -0.000000 100.000000 -0.000000
vn -0.000000 100.000000 -0.000000
vn -100.000000 0.000000 0.000000
vn -100.000000 0.000000 0.000000
vn -100.000000 0.000000 0.000000
vn -100.000000 0.000000 0.000000
vn 0.000000 -100.000000 0.000000
vn 0.000000 -100.000000 0.000000
vn 0.000000 -100.000000 0.000000
vn 0.000000 -100.000000 0.000000
vn -0.000000 100.000000 -0.000000
vn -0.000000 100.000000 -0.000000
vn -0.000000 100.000000 -0.000000
vn -0.000000 100.000000 -0.000000
vn 100.000000 0.000000 0.000000
vn 100.000000 0.000000 0.000000
vn 100.000000 0.000000 0.000000
vn 100.000000 0.000000 0.000000
vn 0.000000 0.000000 100.000000
vn 0.000000 0.000000 100.000000
vn 0.000000 0.000000 100.000000
vn 0.000000 0.000000 100.000000
vn 0.000000 0.000000 100.000000
vn 0.000000 0.000000 100.000000
vn 0.000000 0.000000 100.000000
vn 0.000000 0.000000 100.000000
vn 0.000000 0.000000 -100.000000
vn 0.000000 0.000000 -100.000000
vn 0.000000 0.000000 -100.000000
vn 0.000000 0.000000 -100.000000
vn 0.000000 0.000000 -100.000000
vn 0.000000 0.000000 -100.000000
vn 0.000000 0.000000 -100.000000
vn 0.000000 0.000000 -100.000000
vn 0.000000 0.000000 -100.000000
vn 0.000000 0.000000 -100.000000
vn 0.000000 0.000000 -100.000000
vn 0.000000 0.000000 -100.000000
vn 0.000000 0.000000 -100.000000
vn 0.000000 0.000000 -100.000000
vn 0.000000 0.000000 -100.000000
vn 0.000000 0.000000 -100.000000
vn 0.000000 0.000000 -100.000000
vn 0.000000 0.000000 -100.000000
vn 0.000000 0.000000 -100.000000
vn 0.000000 0.000000 -100.000000
vn 0.000000 -100.000000 0.000000
vn 0.000000 -100.000000 0.000000
vn 0.000000 -100.000000 0.000000
vn 0.000000 -100.000000 0.000000
vn -100.000000 0.000000 0.000000
vn -100.000000 0.000000 0.000000
vn -100.000000 0.000000 0.000000
vn -100.000000 0.000000 0.000000
vn -0.000000 100.000000 -0.000000
vn -0.000000 100.000000 -0.000000
vn -0.000000 100.000000 -0.000000
vn -0.000000 100.000000 -0.000000
vn 100.000000 0.000000 0.000000
vn 100.000000 0.000000 0.000000
vn 100.000000 0.000000 0.000000
vn 100.000000 0.000000 0.000000
usemtl 钢_-_缎光
f 1/1/1 2/2/2 4/3/3
f 4/3/3 2/2/2 3/4/4
f 5/5/5 1/6/6 6/7/7
f 6/7/7 1/6/6 4/8/8
f 2/9/9 5/10/10 3/11/11
f 3/11/11 5/10/10 6/12/12
f 7/13/13 8/14/14 10/15/15
f 10/15/15 8/14/14 9/16/16
f 11/17/17 7/18/18 12/19/19
f 12/19/19 7/18/18 10/20/20
f 13/21/21 11/22/22 14/23/23
f 14/23/23 11/22/22 12/24/24
f 15/25/25 13/26/26 16/27/27
f 16/27/27 13/26/26 14/28/28
f 17/29/29 15/30/30 18/31/31
f 18/31/31 15/30/30 16/32/32
f 19/33/33 17/34/34 20/35/35
f 20/35/35 17/34/34 18/36/36
f 21/37/37 19/38/38 22/39/39
f 22/39/39 19/38/38 20/40/40
f 23/41/41 21/42/42 24/43/43
f 24/43/43 21/42/42 22/44/44
f 25/45/45 23/46/46 26/47/47
f 26/47/47 23/46/46 24/48/48
f 27/49/49 25/50/50 28/51/51
f 28/51/51 25/50/50 26/52/52
f 8/53/53 27/54/54 9/55/55
f 9/55/55 27/54/54 28/56/56
f 9/57/57 28/58/58 10/59/59
f 10/59/59 28/58/58 26/60/60
f 10/59/59 26/60/60 3/61/61
f 3/61/61 26/60/60 20/62/62
f 3/61/61 20/62/62 4/63/63
f 4/63/63 20/62/62 18/64/64
f 4/63/63 18/64/64 16/65/65
f 26/60/60 24/66/66 20/62/62
f 20/62/62 24/66/66 22/67/67
f 16/65/65 14/68/68 4/63/63
f 4/63/63 14/68/68 6/69/69
f 6/69/69 14/68/68 12/70/70
f 6/69/69 12/70/70 10/59/59
f 3/61/61 6/69/69 10/59/59
f 29/71/71 30/72/72 32/73/73
f 32/73/73 30/72/72 31/74/74
f 33/75/75 34/76/76 40/77/77
f 40/77/77 34/76/76 39/78/78
f 39/78/78 34/76/76 35/79/79
f 39/78/78 35/79/79 38/80/80
f 38/80/80 35/79/79 36/81/81
f 38/80/80 36/81/81 37/82/82
f 37/82/82 36/81/81 29/83/83
f 37/82/82 29/83/83 32/84/84
f 41/85/85 42/86/86 48/87/87
f 48/87/87 42/86/86 47/88/88
f 47/88/88 42/86/86 43/89/89
f 47/88/88 43/89/89 46/90/90
f 46/90/90 43/89/89 44/91/91
f 46/90/90 44/91/91 45/92/92
f 45/92/92 44/91/91 33/93/93
f 45/92/92 33/93/93 40/94/94
f 49/95/95 50/96/96 56/97/97
f 56/97/97 50/96/96 55/98/98
f 55/98/98 50/96/96 51/99/99
f 55/98/98 51/99/99 54/100/100
f 54/100/100 51/99/99 52/101/101
f 54/100/100 52/101/101 53/102/102
f 53/102/102 52/101/101 41/103/103
f 53/102/102 41/103/103 48/104/104
f 57/105/105 58/106/106 64/107/107
f 64/107/107 58/106/106 63/108/108
f 63/108/108 58/106/106 59/109/109
f 63/108/108 59/109/109 62/110/110
f 62/110/110 59/109/109 60/111/111
f 62/110/110 60/111/111 61/112/112
f 61/112/112 60/111/111 49/113/113
f 61/112/112 49/113/113 56/114/114
f 65/115/115 66/116/116 72/117/117
f 72/117/117 66/116/116 71/118/118
f 71/118/118 66/116/116 67/119/119
f 71/118/118 67/119/119 70/120/120
f 70/120/120 67/119/119 68/121/121
f 70/120/120 68/121/121 69/122/122
f 69/122/122 68/121/121 57/123/123
f 69/122/122 57/123/123 64/124/124
f 73/125/125 74/126/126 80/127/127
f 80/127/127 74/126/126 79/128/128
f 79/128/128 74/126/126 75/129/129
f 79/128/128 75/129/129 78/130/130
f 78/130/130 75/129/129 76/131/131
f 78/130/130 76/131/131 77/132/132
f 77/132/132 76/131/131 65/133/133
f 77/132/132 65/133/133 72/134/134
f 81/135/135 82/136/136 88/137/137
f 88/137/137 82/136/136 87/138/138
f 87/138/138 82/136/136 83/139/139
f 87/138/138 83/139/139 86/140/140
f 86/140/140 83/139/139 84/141/141
f 86/140/140 84/141/141 85/142/142
f 85/142/142 84/141/141 73/143/143
f 85/142/142 73/143/143 80/144/144
f 89/145/145 81/146/146 90/147/147
f 90/147/147 81/146/146 88/148/148
f 91/149/149 92/150/150 98/151/151
f 98/151/151 92/150/150 97/152/152
f 97/152/152 92/150/150 93/153/153
f 97/152/152 93/153/153 96/154/154
f 96/154/154 93/153/153 94/155/155
f 96/154/154 94/155/155 95/156/156
f 95/156/156 94/155/155 89/157/157
f 95/156/156 89/157/157 90/158/158
f 99/159/159 100/160/160 106/161/161
f 106/161/161 100/160/160 105/162/162
f 105/162/162 100/160/160 101/163/163
f 105/162/162 101/163/163 104/164/164
f 104/164/164 101/163/163 102/165/165
f 104/164/164 102/165/165 103/166/166
f 103/166/166 102/165/165 91/167/167
f 103/166/166 91/167/167 98/168/168
f 107/169/169 108/170/170 118/171/171
f 118/171/171 108/170/170 117/172/172
f 117/172/172 108/170/170 109/173/173
f 117/172/172 109/173/173 116/174/174
f 116/174/174 109/173/173 110/175/175
f 116/174/174 110/175/175 115/176/176
f 115/176/176 110/175/175 111/177/177
f 115/176/176 111/177/177 114/178/178
f 114/178/178 111/177/177 112/179/179
f 114/178/178 112/179/179 113/180/180
f 113/180/180 112/179/179 99/181/181
f 113/180/180 99/181/181 106/182/182
f 119/183/183 120/184/184 126/185/185
f 126/185/185 120/184/184 125/186/186
f 125/186/186 120/184/184 121/187/187
f 125/186/186 121/187/187 124/188/188
f 124/188/188 121/187/187 122/189/189
f 124/188/188 122/189/189 123/190/190
f 123/190/190 122/189/189 107/191/191
f 123/190/190 107/191/191 118/192/192
f 127/193/193 128/194/194 134/195/195
f 134/195/195 128/194/194 133/196/196
f 133/196/196 128/194/194 129/197/197
f 133/196/196 129/197/197 132/198/198
f 132/198/198 129/197/197 130/199/199
f 132/198/198 130/199/199 131/200/200
f 131/200/200 130/199/199 119/201/201
f 131/200/200 119/201/201 126/202/202
f 135/203/203 136/204/204 142/205/205
f 142/205/205 136/204/204 141/206/206
f 141/206/206 136/204/204 137/207/207
f 141/206/206 137/207/207 140/208/208
f 140/208/208 137/207/207 138/209/209
f 140/208/208 138/209/209 139/210/210
f 139/210/210 138/209/209 127/211/211
f 139/210/210 127/211/211 134/212/212
f 143/213/213 144/214/214 150/215/215
f 150/215/215 144/214/214 149/216/216
f 149/216/216 144/214/214 145/217/217
f 149/216/216 145/217/217 148/218/218
f 148/218/218 145/217/217 146/219/219
f 148/218/218 146/219/219 147/220/220
f 147/220/220 146/219/219 135/221/221
f 147/220/220 135/221/221 142/222/222
f 151/223/223 143/224/224 152/225/225
f 152/225/225 143/224/224 150/226/226
f 153/227/227 154/228/228 160/229/229
f 160/229/229 154/228/228 159/230/230
f 159/230/230 154/228/228 155/231/231
f 159/230/230 155/231/231 158/232/232
f 158/232/232 155/231/231 156/233/233
f 158/232/232 156/233/233 157/234/234
f 157/234/234 156/233/233 151/235/235
f 157/234/234 151/235/235 152/236/236
f 161/237/237 162/238/238 168/239/239
f 168/239/239 162/238/238 167/240/240
f 167/240/240 162/238/238 163/241/241
f 167/240/240 163/241/241 166/242/242
f 166/242/242 163/241/241 164/243/243
f 166/242/242 164/243/243 165/244/244
f 165/244/244 164/243/243 153/245/245
f 165/244/244 153/245/245 160/246/246
f 169/247/247 170/248/248 176/249/249
f 176/249/249 170/248/248 175/250/250
f 175/250/250 170/248/248 171/251/251
f 175/250/250 171/251/251 174/252/252
f 174/252/252 171/251/251 172/253/253
f 174/252/252 172/253/253 173/254/254
f 173/254/254 172/253/253 161/255/255
f 173/254/254 161/255/255 168/256/256
f 177/257/257 178/258/258 184/259/259
f 184/259/259 178/258/258 183/260/260
f 183/260/260 178/258/258 179/261/261
f 183/260/260 179/261/261 182/262/262
f 182/262/262 179/261/261 180/263/263
f 182/262/262 180/263/263 181/264/264
f 181/264/264 180/263/263 169/265/265
f 181/264/264 169/265/265 176/266/266
f 185/267/267 186/268/268 192/269/269
f 192/269/269 186/268/268 191/270/270
f 191/270/270 186/268/268 187/271/271
f 191/270/270 187/271/271 190/272/272
f 190/272/272 187/271/271 188/273/273
f 190/272/272 188/273/273 189/274/274
f 189/274/274 188/273/273 177/275/275
f 189/274/274 177/275/275 184/276/276
f 193/277/277 194/278/278 200/279/279
f 200/279/279 194/278/278 199/280/280
f 199/280/280 194/278/278 195/281/281
f 199/280/280 195/281/281 198/282/282
f 198/282/282 195/281/281 196/283/283
f 198/282/282 196/283/283 197/284/284
f 197/284/284 196/283/283 185/285/285
f 197/284/284 185/285/285 192/286/286
f 201/287/287 202/288/288 208/289/289
f 208/289/289 202/288/288 207/290/290
f 207/290/290 202/288/288 203/291/291
f 207/290/290 203/291/291 206/292/292
f 206/292/292 203/291/291 204/293/293
f 206/292/292 204/293/293 205/294/294
f 205/294/294 204/293/293 193/295/295
f 205/294/294 193/295/295 200/296/296
f 209/297/297 210/298/298 216/299/299
f 216/299/299 210/298/298 215/300/300
f 215/300/300 210/298/298 211/301/301
f 215/300/300 211/301/301 214/302/302
f 214/302/302 211/301/301 212/303/303
f 214/302/302 212/303/303 213/304/304
f 213/304/304 212/303/303 201/305/305
f 213/304/304 201/305/305 208/306/306
f 217/307/307 218/308/308 224/309/309
f 224/309/309 218/308/308 223/310/310
f 223/310/310 218/308/308 219/311/311
f 223/310/310 219/311/311 222/312/312
f 222/312/312 219/311/311 220/313/313
f 222/312/312 220/313/313 221/314/314
f 221/314/314 220/313/313 209/315/315
f 221/314/314 209/315/315 216/316/316
f 225/317/317 226/318/318 232/319/319
f 232/319/319 226/318/318 231/320/320
f 231/320/320 226/318/318 227/321/321
f 231/320/320 227/321/321 230/322/322
f 230/322/322 227/321/321 228/323/323
f 230/322/322 228/323/323 229/324/324
f 229/324/324 228/323/323 217/325/325
f 229/324/324 217/325/325 224/326/326
f 233/327/327 234/328/328 240/329/329
f 240/329/329 234/328/328 239/330/330
f 239/330/330 234/328/328 235/331/331
f 239/330/330 235/331/331 238/332/332
f 238/332/332 235/331/331 236/333/333
f 238/332/332 236/333/333 237/334/334
f 237/334/334 236/333/333 225/335/335
f 237/334/334 225/335/335 232/336/336
f 241/337/337 242/338/338 248/339/339
f 248/339/339 242/338/338 247/340/340
f 247/340/340 242/338/338 243/341/341
f 247/340/340 243/341/341 246/342/342
f 246/342/342 243/341/341 244/343/343
f 246/342/342 244/343/343 245/344/344
f 245/344/344 244/343/343 233/345/345
f 245/344/344 233/345/345 240/346/346
f 30/347/347 249/348/348 31/349/349
f 31/349/349 249/348/348 254/350/350
f 254/350/350 249/348/348 250/351/351
f 254/350/350 250/351/351 253/352/352
f 253/352/352 250/351/351 251/353/353
f 253/352/352 251/353/353 252/354/354
f 252/354/354 251/353/353 241/355/355
f 252/354/354 241/355/355 248/356/356
f 31/357/357 254/358/358 32/359/359
f 32/359/359 254/358/358 37/360/360
f 37/360/360 254/358/358 253/361/361
f 37/360/360 253/361/361 252/362/362
f 37/360/360 252/362/362 38/363/363
f 38/363/363 252/362/362 248/364/364
f 38/363/363 248/364/364 39/365/365
f 39/365/365 248/364/364 247/366/366
f 39/365/365 247/366/366 40/367/367
f 40/367/367 247/366/366 246/368/368
f 40/367/367 246/368/368 45/369/369
f 45/369/369 246/368/368 46/370/370
f 46/370/370 246/368/368 245/371/371
f 46/370/370 245/371/371 47/372/372
f 47/372/372 245/371/371 240/373/373
f 47/372/372 240/373/373 48/374/374
f 48/374/374 240/373/373 53/375/375
f 53/375/375 240/373/373 239/376/376
f 53/375/375 239/376/376 54/377/377
f 54/377/377 239/376/376 238/378/378
f 54/377/377 238/378/378 55/379/379
f 55/379/379 238/378/378 237/380/380
f 55/379/379 237/380/380 56/381/381
f 56/381/381 237/380/380 61/382/382
f 61/382/382 237/380/380 232/383/383
f 61/382/382 232/383/383 62/384/384
f 62/384/384 232/383/383 231/385/385
f 62/384/384 231/385/385 63/386/386
f 63/386/386 231/385/385 230/387/387
f 63/386/386 230/387/387 229/388/388
f 63/386/386 229/388/388 64/389/389
f 64/389/389 229/388/388 224/390/390
f 64/389/389 224/390/390 223/391/391
f 64/389/389 223/391/391 69/392/392
f 69/392/392 223/391/391 222/393/393
f 69/392/392 222/393/393 221/394/394
f 221/394/394 216/395/395 69/392/392
f 69/392/392 216/395/395 70/396/396
f 70/396/396 216/395/395 215/397/397
f 70/396/396 215/397/397 71/398/398
f 71/398/398 215/397/397 214/399/399
f 71/398/398 214/399/399 213/400/400
f 71/398/398 213/400/400 72/401/401
f 72/401/401 213/400/400 208/402/402
f 72/401/401 208/402/402 77/403/403
f 77/403/403 208/402/402 78/404/404
f 78/404/404 208/402/402 106/405/405
f 78/404/404 106/405/405 105/406/406
f 106/405/405 208/402/402 113/407/407
f 113/407/407 208/402/402 207/408/408
f 113/407/407 207/408/408 114/409/409
f 114/409/409 207/408/408 115/410/410
f 115/410/410 207/408/408 206/411/411
f 115/410/410 206/411/411 116/412/412
f 116/412/412 206/411/411 205/413/413
f 116/412/412 205/413/413 117/414/414
f 117/414/414 205/413/413 200/415/415
f 117/414/414 200/415/415 199/416/416
f 117/414/414 199/416/416 118/417/417
f 118/417/417 199/416/416 198/418/418
f 118/417/417 198/418/418 197/419/419
f 197/419/419 192/420/420 118/417/417
f 118/417/417 192/420/420 191/421/421
f 118/417/417 191/421/421 190/422/422
f 118/417/417 190/422/422 123/423/423
f 123/423/423 190/422/422 189/424/424
f 123/423/423 189/424/424 184/425/425
f 123/423/423 184/425/425 124/426/426
f 124/426/426 184/425/425 183/427/427
f 124/426/426 183/427/427 182/428/428
f 124/426/426 182/428/428 125/429/429
f 125/429/429 182/428/428 181/430/430
f 125/429/429 181/430/430 126/431/431
f 126/431/431 181/430/430 176/432/432
f 126/431/431 176/432/432 131/433/433
f 131/433/433 176/432/432 175/434/434
f 131/433/433 175/434/434 132/435/435
f 132/435/435 175/434/434 174/436/436
f 132/435/435 174/436/436 133/437/437
f 133/437/437 174/436/436 173/438/438
f 133/437/437 173/438/438 134/439/439
f 134/439/439 173/438/438 168/440/440
f 134/439/439 168/440/440 139/441/441
f 139/441/441 168/440/440 167/442/442
f 139/441/441 167/442/442 140/443/443
f 140/443/443 167/442/442 166/444/444
f 140/443/443 166/444/444 141/445/445
f 141/445/445 166/444/444 165/446/446
f 141/445/445 165/446/446 142/447/447
f 142/447/447 165/446/446 147/448/448
f 147/448/448 165/446/446 160/449/449
f 147/448/448 160/449/449 148/450/450
f 148/450/450 160/449/449 159/451/451
f 148/450/450 159/451/451 149/452/452
f 149/452/452 159/451/451 158/453/453
f 149/452/452 158/453/453 157/454/454
f 152/455/455 150/456/456 157/454/454
f 157/454/454 150/456/456 149/452/452
f 78/404/404 105/406/406 79/457/457
f 79/457/457 105/406/406 104/458/458
f 79/457/457 104/458/458 80/459/459
f 80/459/459 104/458/458 103/460/460
f 80/459/459 103/460/460 85/461/461
f 85/461/461 103/460/460 98/462/462
f 85/461/461 98/462/462 86/463/463
f 86/463/463 98/462/462 97/464/464
f 86/463/463 97/464/464 87/465/465
f 87/465/465 97/464/464 96/466/466
f 87/465/465 96/466/466 95/467/467
f 95/467/467 90/468/468 87/465/465
f 87/465/465 90/468/468 88/469/469
f 255/470/470 256/471/471 258/472/472
f 258/472/472 256/471/471 257/473/473
f 259/474/474 255/475/475 260/476/476
f 260/476/476 255/475/475 258/477/477
f 261/478/478 262/479/479 268/480/480
f 268/480/480 262/479/479 267/481/481
f 267/481/481 262/479/479 263/482/482
f 267/481/481 263/482/482 266/483/483
f 266/483/483 263/482/482 264/484/484
f 266/483/483 264/484/484 265/485/485
f 265/485/485 264/484/484 259/486/486
f 265/485/485 259/486/486 260/487/487
f 269/488/488 270/489/489 276/490/490
f 276/490/490 270/489/489 275/491/491
f 275/491/491 270/489/489 271/492/492
f 275/491/491 271/492/492 274/493/493
f 274/493/493 271/492/492 272/494/494
f 274/493/493 272/494/494 273/495/495
f 273/495/495 272/494/494 261/496/496
f 273/495/495 261/496/496 268/497/497
f 277/498/498 278/499/499 284/500/500
f 284/500/500 278/499/499 283/501/501
f 283/501/501 278/499/499 279/502/502
f 283/501/501 279/502/502 282/503/503
f 282/503/503 279/502/502 280/504/504
f 282/503/503 280/504/504 281/505/505
f 281/505/505 280/504/504 269/506/506
f 281/505/505 269/506/506 276/507/507
f 285/508/508 286/509/509 292/510/510
f 292/510/510 286/509/509 291/511/511
f 291/511/511 286/509/509 287/512/512
f 291/511/511 287/512/512 290/513/513
f 290/513/513 287/512/512 288/514/514
f 290/513/513 288/514/514 289/515/515
f 289/515/515 288/514/514 277/516/516
f 289/515/515 277/516/516 284/517/517
f 293/518/518 294/519/519 300/520/520
f 300/520/520 294/519/519 299/521/521
f 299/521/521 294/519/519 295/522/522
f 299/521/521 295/522/522 298/523/523
f 298/523/523 295/522/522 296/524/524
f 298/523/523 296/524/524 297/525/525
f 297/525/525 296/524/524 285/526/526
f 297/525/525 285/526/526 292/527/527
f 301/528/528 302/529/529 308/530/530
f 308/530/530 302/529/529 307/531/531
f 307/531/531 302/529/529 303/532/532
f 307/531/531 303/532/532 306/533/533
f 306/533/533 303/532/532 304/534/534
f 306/533/533 304/534/534 305/535/535
f 305/535/535 304/534/534 293/536/536
f 305/535/535 293/536/536 300/537/537
f 309/538/538 310/539/539 316/540/540
f 316/540/540 310/539/539 315/541/541
f 315/541/541 310/539/539 311/542/542
f 315/541/541 311/542/542 314/543/543
f 314/543/543 311/542/542 312/544/544
f 314/543/543 312/544/544 313/545/545
f 313/545/545 312/544/544 301/546/546
f 313/545/545 301/546/546 308/547/547
f 317/548/548 318/549/549 324/550/550
f 324/550/550 318/549/549 323/551/551
f 323/551/551 318/549/549 319/552/552
f 323/551/551 319/552/552 322/553/553
f 322/553/553 319/552/552 320/554/554
f 322/553/553 320/554/554 321/555/555
f 321/555/555 320/554/554 309/556/556
f 321/555/555 309/556/556 316/557/557
f 325/558/558 326/559/559 332/560/560
f 332/560/560 326/559/559 331/561/561
f 331/561/561 326/559/559 327/562/562
f 331/561/561 327/562/562 330/563/563
f 330/563/563 327/562/562 328/564/564
f 330/563/563 328/564/564 329/565/565
f 329/565/565 328/564/564 317/566/566
f 329/565/565 317/566/566 324/567/567
f 333/568/568 325/569/569 334/570/570
f 334/570/570 325/569/569 332/571/571
f 335/572/572 336/573/573 342/574/574
f 342/574/574 336/573/573 341/575/575
f 341/575/575 336/573/573 337/576/576
f 341/575/575 337/576/576 340/577/577
f 340/577/577 337/576/576 338/578/578
f 340/577/577 338/578/578 339/579/579
f 339/579/579 338/578/578 333/580/580
f 339/579/579 333/580/580 334/581/581
f 343/582/582 344/583/583 350/584/584
f 350/584/584 344/583/583 349/585/585
f 349/585/585 344/583/583 345/586/586
f 349/585/585 345/586/586 348/587/587
f 348/587/587 345/586/586 346/588/588
f 348/587/587 346/588/588 347/589/589
f 347/589/589 346/588/588 335/590/590
f 347/589/589 335/590/590 342/591/591
f 351/592/592 352/593/593 358/594/594
f 358/594/594 352/593/593 357/595/595
f 357/595/595 352/593/593 353/596/596
f 357/595/595 353/596/596 356/597/597
f 356/597/597 353/596/596 354/598/598
f 356/597/597 354/598/598 355/599/599
f 355/599/599 354/598/598 343/600/600
f 355/599/599 343/600/600 350/601/601
f 359/602/602 360/603/603 366/604/604
f 366/604/604 360/603/603 365/605/605
f 365/605/605 360/603/603 361/606/606
f 365/605/605 361/606/606 364/607/607
f 364/607/607 361/606/606 362/608/608
f 364/607/607 362/608/608 363/609/609
f 363/609/609 362/608/608 351/610/610
f 363/609/609 351/610/610 358/611/611
f 367/612/612 368/613/613 374/614/614
f 374/614/614 368/613/613 373/615/615
f 373/615/615 368/613/613 369/616/616
f 373/615/615 369/616/616 372/617/617
f 372/617/617 369/616/616 370/618/618
f 372/617/617 370/618/618 371/619/619
f 371/619/619 370/618/618 359/620/620
f 371/619/619 359/620/620 366/621/621
f 375/622/622 376/623/623 382/624/624
f 382/624/624 376/623/623 381/625/625
f 381/625/625 376/623/623 377/626/626
f 381/625/625 377/626/626 380/627/627
f 380/627/627 377/626/626 378/628/628
f 380/627/627 378/628/628 379/629/629
f 379/629/629 378/628/628 367/630/630
f 379/629/629 367/630/630 374/631/631
f 383/632/632 384/633/633 390/634/634
f 390/634/634 384/633/633 389/635/635
f 389/635/635 384/633/633 385/636/636
f 389/635/635 385/636/636 388/637/637
f 388/637/637 385/636/636 386/638/638
f 388/637/637 386/638/638 387/639/639
f 387/639/639 386/638/638 375/640/640
f 387/639/639 375/640/640 382/641/641
f 391/642/642 392/643/643 398/644/644
f 398/644/644 392/643/643 397/645/645
f 397/645/645 392/643/643 393/646/646
f 397/645/645 393/646/646 396/647/647
f 396/647/647 393/646/646 394/648/648
f 396/647/647 394/648/648 395/649/649
f 395/649/649 394/648/648 383/650/650
f 395/649/649 383/650/650 390/651/651
f 399/652/652 400/653/653 406/654/654
f 406/654/654 400/653/653 405/655/655
f 405/655/655 400/653/653 401/656/656
f 405/655/655 401/656/656 404/657/657
f 404/657/657 401/656/656 402/658/658
f 404/657/657 402/658/658 403/659/659
f 403/659/659 402/658/658 391/660/660
f 403/659/659 391/660/660 398/661/661
f 256/662/662 399/663/663 257/664/664
f 257/664/664 399/663/663 406/665/665
f 257/666/666 406/667/667 258/668/668
f 258/668/668 406/667/667 260/669/669
f 260/669/669 406/667/667 265/670/670
f 265/670/670 406/667/667 266/671/671
f 266/671/671 406/667/667 267/672/672
f 267/672/672 406/667/667 268/673/673
f 268/673/673 406/667/667 273/674/674
f 273/674/674 406/667/667 274/675/675
f 274/675/675 406/667/667 275/676/676
f 275/676/676 406/667/667 276/677/677
f 276/677/677 406/667/667 281/678/678
f 281/678/678 406/667/667 405/679/679
f 281/678/678 405/679/679 404/680/680
f 404/680/680 403/681/681 281/678/678
f 281/678/678 403/681/681 282/682/682
f 282/682/682 403/681/681 398/683/683
f 282/682/682 398/683/683 283/684/684
f 283/684/684 398/683/683 397/685/685
f 283/684/684 397/685/685 396/686/686
f 283/684/684 396/686/686 284/687/687
f 284/687/687 396/686/686 395/688/688
f 284/687/687 395/688/688 289/689/689
f 289/689/689 395/688/688 390/690/690
f 289/689/689 390/690/690 290/691/691
f 290/691/691 390/690/690 389/692/692
f 290/691/691 389/692/692 388/693/693
f 290/691/691 388/693/693 291/694/694
f 291/694/694 388/693/693 387/695/695
f 291/694/694 387/695/695 292/696/696
f 292/696/696 387/695/695 382/697/697
f 292/696/696 382/697/697 297/698/698
f 297/698/698 382/697/697 381/699/699
f 297/698/698 381/699/699 298/700/700
f 298/700/700 381/699/699 380/701/701
f 298/700/700 380/701/701 379/702/702
f 298/700/700 379/702/702 299/703/703
f 299/703/703 379/702/702 374/704/704
f 299/703/703 374/704/704 373/705/705
f 299/703/703 373/705/705 300/706/706
f 300/706/706 373/705/705 372/707/707
f 300/706/706 372/707/707 371/708/708
f 371/708/708 366/709/709 300/706/706
f 300/706/706 366/709/709 365/710/710
f 300/706/706 365/710/710 305/711/711
f 305/711/711 365/710/710 364/712/712
f 305/711/711 364/712/712 363/713/713
f 305/711/711 363/713/713 306/714/714
f 306/714/714 363/713/713 358/715/715
f 306/714/714 358/715/715 307/716/716
f 307/716/716 358/715/715 357/717/717
f 307/716/716 357/717/717 308/718/718
f 308/718/718 357/717/717 356/719/719
f 308/718/718 356/719/719 313/720/720
f 313/720/720 356/719/719 314/721/721
f 314/721/721 356/719/719 355/722/722
f 314/721/721 355/722/722 315/723/723
f 315/723/723 355/722/722 350/724/724
f 315/723/723 350/724/724 316/725/725
f 316/725/725 350/724/724 321/726/726
f 321/726/726 350/724/724 349/727/727
f 321/726/726 349/727/727 322/728/728
f 322/728/728 349/727/727 348/729/729
f 322/728/728 348/729/729 323/730/730
f 323/730/730 348/729/729 347/731/731
f 323/730/730 347/731/731 324/732/732
f 324/732/732 347/731/731 342/733/733
f 324/732/732 342/733/733 329/734/734
f 329/734/734 342/733/733 341/735/735
f 329/734/734 341/735/735 330/736/736
f 330/736/736 341/735/735 340/737/737
f 330/736/736 340/737/737 331/738/738
f 331/738/738 340/737/737 339/739/739
f 331/738/738 339/739/739 332/740/740
f 332/740/740 339/739/739 334/741/741
f 407/742/742 408/743/743 410/744/744
f 410/744/744 408/743/743 409/745/745
f 411/746/746 412/747/747 418/748/748
f 418/748/748 412/747/747 417/749/749
f 417/749/749 412/747/747 413/750/750
f 417/749/749 413/750/750 416/751/751
f 416/751/751 413/750/750 414/752/752
f 416/751/751 414/752/752 415/753/753
f 415/753/753 414/752/752 407/754/754
f 415/753/753 407/754/754 410/755/755
f 419/756/756 420/757/757 426/758/758
f 426/758/758 420/757/757 425/759/759
f 425/759/759 420/757/757 421/760/760
f 425/759/759 421/760/760 424/761/761
f 424/761/761 421/760/760 422/762/762
f 424/761/761 422/762/762 423/763/763
f 423/763/763 422/762/762 411/764/764
f 423/763/763 411/764/764 418/765/765
f 427/766/766 428/767/767 434/768/768
f 434/768/768 428/767/767 433/769/769
f 433/769/769 428/767/767 429/770/770
f 433/769/769 429/770/770 432/771/771
f 432/771/771 429/770/770 430/772/772
f 432/771/771 430/772/772 431/773/773
f 431/773/773 430/772/772 419/774/774
f 431/773/773 419/774/774 426/775/775
f 435/776/776 436/777/777 442/778/778
f 442/778/778 436/777/777 441/779/779
f 441/779/779 436/777/777 437/780/780
f 441/779/779 437/780/780 440/781/781
f 440/781/781 437/780/780 438/782/782
f 440/781/781 438/782/782 439/783/783
f 439/783/783 438/782/782 427/784/784
f 439/783/783 427/784/784 434/785/785
f 443/786/786 444/787/787 450/788/788
f 450/788/788 444/787/787 449/789/789
f 449/789/789 444/787/787 445/790/790
f 449/789/789 445/790/790 448/791/791
f 448/791/791 445/790/790 446/792/792
f 448/791/791 446/792/792 447/793/793
f 447/793/793 446/792/792 435/794/794
f 447/793/793 435/794/794 442/795/795
f 451/796/796 452/797/797 458/798/798
f 458/798/798 452/797/797 457/799/799
f 457/799/799 452/797/797 453/800/800
f 457/799/799 453/800/800 456/801/801
f 456/801/801 453/800/800 454/802/802
f 456/801/801 454/802/802 455/803/803
f 455/803/803 454/802/802 443/804/804
f 455/803/803 443/804/804 450/805/805
f 459/806/806 460/807/807 466/808/808
f 466/808/808 460/807/807 465/809/809
f 465/809/809 460/807/807 461/810/810
f 465/809/809 461/810/810 464/811/811
f 464/811/811 461/810/810 462/812/812
f 464/811/811 462/812/812 463/813/813
f 463/813/813 462/812/812 451/814/814
f 463/813/813 451/814/814 458/815/815
f 467/816/816 468/817/817 474/818/818
f 474/818/818 468/817/817 473/819/819
f 473/819/819 468/817/817 469/820/820
f 473/819/819 469/820/820 472/821/821
f 472/821/821 469/820/820 470/822/822
f 472/821/821 470/822/822 471/823/823
f 471/823/823 470/822/822 459/824/824
f 471/823/823 459/824/824 466/825/825
f 475/826/826 467/827/827 476/828/828
f 476/828/828 467/827/827 474/829/829
f 477/830/830 475/831/831 478/832/832
f 478/832/832 475/831/831 476/833/833
f 479/834/834 477/835/835 480/836/836
f 480/836/836 477/835/835 478/837/837
f 481/838/838 479/839/839 482/840/840
f 482/840/840 479/839/839 480/841/841
f 483/842/842 481/843/843 484/844/844
f 484/844/844 481/843/843 482/845/845
f 485/846/846 483/847/847 486/848/848
f 486/848/848 483/847/847 484/849/849
f 487/850/850 488/851/851 494/852/852
f 494/852/852 488/851/851 493/853/853
f 493/853/853 488/851/851 489/854/854
f 493/853/853 489/854/854 492/855/855
f 492/855/855 489/854/854 490/856/856
f 492/855/855 490/856/856 491/857/857
f 491/857/857 490/856/856 485/858/858
f 491/857/857 485/858/858 486/859/859
f 495/860/860 496/861/861 502/862/862
f 502/862/862 496/861/861 501/863/863
f 501/863/863 496/861/861 497/864/864
f 501/863/863 497/864/864 500/865/865
f 500/865/865 497/864/864 498/866/866
f 500/865/865 498/866/866 499/867/867
f 499/867/867 498/866/866 487/868/868
f 499/867/867 487/868/868 494/869/869
f 503/870/870 504/871/871 510/872/872
f 510/872/872 504/871/871 509/873/873
f 509/873/873 504/871/871 505/874/874
f 509/873/873 505/874/874 508/875/875
f 508/875/875 505/874/874 506/876/876
f 508/875/875 506/876/876 507/877/877
f 507/877/877 506/876/876 495/878/878
f 507/877/877 495/878/878 502/879/879
f 511/880/880 512/881/881 518/882/882
f 518/882/882 512/881/881 517/883/883
f 517/883/883 512/881/881 513/884/884
f 517/883/883 513/884/884 516/885/885
f 516/885/885 513/884/884 514/886/886
f 516/885/885 514/886/886 515/887/887
f 515/887/887 514/886/886 503/888/888
f 515/887/887 503/888/888 510/889/889
f 519/890/890 520/891/891 528/892/892
f 528/892/892 520/891/891 527/893/893
f 527/893/893 520/891/891 521/894/894
f 527/893/893 521/894/894 526/895/895
f 526/895/895 521/894/894 522/896/896
f 526/895/895 522/896/896 525/897/897
f 525/897/897 522/896/896 523/898/898
f 525/897/897 523/898/898 524/899/899
f 524/899/899 523/898/898 511/900/900
f 524/899/899 511/900/900 518/901/901
f 529/902/902 530/903/903 536/904/904
f 536/904/904 530/903/903 535/905/905
f 535/905/905 530/903/903 531/906/906
f 535/905/905 531/906/906 534/907/907
f 534/907/907 531/906/906 532/908/908
f 534/907/907 532/908/908 533/909/909
f 533/909/909 532/908/908 519/910/910
f 533/909/909 519/910/910 528/911/911
f 408/912/912 537/913/913 409/914/914
f 409/914/914 537/913/913 542/915/915
f 542/915/915 537/913/913 538/916/916
f 542/915/915 538/916/916 541/917/917
f 541/917/917 538/916/916 539/918/918
f 541/917/917 539/918/918 540/919/919
f 540/919/919 539/918/918 529/920/920
f 540/919/919 529/920/920 536/921/921
f 409/922/922 542/923/923 410/924/924
f 410/924/924 542/923/923 415/925/925
f 415/925/925 542/923/923 541/926/926
f 415/925/925 541/926/926 540/927/927
f 415/925/925 540/927/927 416/928/928
f 416/928/928 540/927/927 536/929/929
f 416/928/928 536/929/929 417/930/930
f 417/930/930 536/929/929 535/931/931
f 417/930/930 535/931/931 418/932/932
f 418/932/932 535/931/931 534/933/933
f 418/932/932 534/933/933 423/934/934
f 423/934/934 534/933/933 424/935/935
f 424/935/935 534/933/933 533/936/936
f 424/935/935 533/936/936 425/937/937
f 425/937/937 533/936/936 528/938/938
f 425/937/937 528/938/938 426/939/939
f 426/939/939 528/938/938 431/940/940
f 431/940/940 528/938/938 527/941/941
f 431/940/940 527/941/941 432/942/942
f 432/942/942 527/941/941 526/943/943
f 432/942/942 526/943/943 433/944/944
f 433/944/944 526/943/943 525/945/945
f 433/944/944 525/945/945 434/946/946
f 434/946/946 525/945/945 524/947/947
f 434/946/946 524/947/947 439/948/948
f 439/948/948 524/947/947 518/949/949
f 439/948/948 518/949/949 440/950/950
f 440/950/950 518/949/949 517/951/951
f 440/950/950 517/951/951 441/952/952
f 441/952/952 517/951/951 516/953/953
f 441/952/952 516/953/953 515/954/954
f 441/952/952 515/954/954 442/955/955
f 442/955/955 515/954/954 510/956/956
f 442/955/955 510/956/956 509/957/957
f 442/955/955 509/957/957 447/958/958
f 447/958/958 509/957/957 508/959/959
f 447/958/958 508/959/959 448/960/960
f 448/960/960 508/959/959 507/961/961
f 448/960/960 507/961/961 502/962/962
f 448/960/960 502/962/962 449/963/963
f 449/963/963 502/962/962 501/964/964
f 449/963/963 501/964/964 450/965/965
f 450/965/965 501/964/964 500/966/966
f 450/965/965 500/966/966 455/967/967
f 455/967/967 500/966/966 456/968/968
f 456/968/968 500/966/966 499/969/969
f 456/968/968 499/969/969 457/970/970
f 457/970/970 499/969/969 494/971/971
f 457/970/970 494/971/971 458/972/972
f 458/972/972 494/971/971 493/973/973
f 458/972/972 493/973/973 463/974/974
f 463/974/974 493/973/973 492/975/975
f 463/974/974 492/975/975 464/976/976
f 464/976/976 492/975/975 465/977/977
f 465/977/977 492/975/975 491/978/978
f 465/977/977 491/978/978 466/979/979
f 466/979/979 491/978/978 486/980/980
f 466/979/979 486/980/980 471/981/981
f 471/981/981 486/980/980 472/982/982
f 472/982/982 486/980/980 473/983/983
f 473/983/983 486/980/980 474/984/984
f 474/984/984 486/980/980 476/985/985
f 476/985/985 486/980/980 478/986/986
f 478/986/986 486/980/980 484/987/987
f 478/986/986 484/987/987 480/988/988
f 480/988/988 484/987/987 482/989/989
f 2/990/990 1/991/991 5/992/992
f 544/993/993 545/994/994 543/995/995
f 543/995/995 545/994/994 546/996/996
f 547/997/997 543/998/998 548/999/999
f 548/999/999 543/998/998 546/1000/1000
f 549/1001/1001 547/1002/1002 550/1003/1003
f 550/1003/1003 547/1002/1002 548/1004/1004
f 544/1005/1005 549/1006/1006 545/1007/1007
f 545/1007/1007 549/1006/1006 550/1008/1008
f 551/1009/1009 552/1010/1010 554/1011/1011
f 554/1011/1011 552/1010/1010 553/1012/1012
f 551/1013/1013 554/1014/1014 555/1015/1015
f 555/1015/1015 554/1014/1014 556/1016/1016
f 557/1017/1017 555/1018/1018 558/1019/1019
f 558/1019/1019 555/1018/1018 556/1020/1020
f 552/1021/1021 557/1022/1022 553/1023/1023
f 553/1023/1023 557/1022/1022 558/1024/1024
f 559/1025/1025 560/1026/1026 562/1027/1027
f 562/1027/1027 560/1026/1026 561/1028/1028
f 559/1029/1029 562/1030/1030 563/1031/1031
f 563/1031/1031 562/1030/1030 564/1032/1032
f 565/1033/1033 563/1034/1034 566/1035/1035
f 566/1035/1035 563/1034/1034 564/1036/1036
f 560/1037/1037 565/1038/1038 561/1039/1039
f 561/1039/1039 565/1038/1038 566/1040/1040
f 567/1041/1041 568/1042/1042 570/1043/1043
f 570/1043/1043 568/1042/1042 569/1044/1044
f 567/1045/1045 570/1046/1046 571/1047/1047
f 571/1047/1047 570/1046/1046 572/1048/1048
f 573/1049/1049 571/1050/1050 574/1051/1051
f 574/1051/1051 571/1050/1050 572/1052/1052
f 568/1053/1053 573/1054/1054 569/1055/1055
f 569/1055/1055 573/1054/1054 574/1056/1056
f 543/1057/1057 575/1058/1058 544/1059/1059
f 544/1059/1059 575/1058/1058 576/1060/1060
f 543/1061/1061 547/1062/1062 575/1063/1063
f 575/1063/1063 547/1062/1062 577/1064/1064
f 552/1065/1065 551/1066/1066 579/1067/1067
f 579/1067/1067 551/1066/1066 578/1068/1068
f 555/1069/1069 580/1070/1070 551/1071/1071
f 551/1071/1071 580/1070/1070 578/1072/1072
f 560/1073/1073 559/1074/1074 582/1075/1075
f 582/1075/1075 559/1074/1074 581/1076/1076
f 563/1077/1077 583/1078/1078 559/1079/1079
f 559/1079/1079 583/1078/1078 581/1080/1080
f 568/1081/1081 567/1082/1082 585/1083/1083
f 585/1083/1083 567/1082/1082 584/1084/1084
f 571/1085/1085 586/1086/1086 567/1087/1087
f 567/1087/1087 586/1086/1086 584/1088/1088
f 549/1089/1089 587/1090/1090 547/1091/1091
f 547/1091/1091 587/1090/1090 577/1092/1092
f 560/1093/1093 582/1094/1094 565/1095/1095
f 565/1095/1095 582/1094/1094 588/1096/1096
f 561/1097/1097 566/1098/1098 562/1099/1099
f 562/1099/1099 566/1098/1098 564/1100/1100
f 550/1101/1101 548/1102/1102 545/1103/1103
f 545/1103/1103 548/1102/1102 546/1104/1104
f 549/1105/1105 544/1106/1106 587/1107/1107
f 587/1107/1107 544/1106/1106 576/1108/1108
f 552/1109/1109 579/1110/1110 557/1111/1111
f 557/1111/1111 579/1110/1110 589/1112/1112
f 555/1113/1113 557/1114/1114 580/1115/1115
f 580/1115/1115 557/1114/1114 589/1116/1116
f 553/1117/1117 558/1118/1118 554/1119/1119
f 554/1119/1119 558/1118/1118 556/1120/1120
f 571/1121/1121 573/1122/1122 586/1123/1123
f 586/1123/1123 573/1122/1122 590/1124/1124
f 568/1125/1125 585/1126/1126 573/1127/1127
f 573/1127/1127 585/1126/1126 590/1128/1128
f 569/1129/1129 574/1130/1130 570/1131/1131
f 570/1131/1131 574/1130/1130 572/1132/1132
f 563/1133/1133 565/1134/1134 583/1135/1135
f 583/1135/1135 565/1134/1134 588/1136/1136
f 582/1137/1137 585/1138/1138 588/1139/1139
f 588/1139/1139 585/1138/1138 591/1140/1140
f 588/1139/1139 591/1140/1140 592/1141/1141
f 581/1142/1142 576/1143/1143 582/1137/1137
f 582/1137/1137 576/1143/1143 259/1144/1144
f 582/1137/1137 259/1144/1144 233/1145/1145
f 233/1145/1145 259/1144/1144 234/1146/1146
f 234/1146/1146 259/1144/1144 235/1147/1147
f 235/1147/1147 259/1144/1144 236/1148/1148
f 236/1148/1148 259/1144/1144 225/1149/1149
f 225/1149/1149 259/1144/1144 226/1150/1150
f 226/1150/1150 259/1144/1144 227/1151/1151
f 227/1151/1151 259/1144/1144 264/1152/1152
f 227/1151/1151 264/1152/1152 263/1153/1153
f 583/1154/1154 592/1141/1141 581/1142/1142
f 581/1142/1142 592/1141/1141 587/1155/1155
f 581/1142/1142 587/1155/1155 576/1143/1143
f 583/1154/1154 588/1139/1139 592/1141/1141
f 592/1141/1141 593/1156/1156 587/1155/1155
f 587/1155/1155 593/1156/1156 577/1157/1157
f 577/1157/1157 593/1156/1156 575/1158/1158
f 575/1158/1158 593/1156/1156 594/1159/1159
f 575/1158/1158 594/1159/1159 578/1160/1160
f 578/1160/1160 594/1159/1159 579/1161/1161
f 579/1161/1161 594/1159/1159 589/1162/1162
f 589/1162/1162 594/1159/1159 591/1140/1140
f 589/1162/1162 591/1140/1140 586/1163/1163
f 586/1163/1163 591/1140/1140 584/1164/1164
f 584/1164/1164 591/1140/1140 585/1138/1138
f 590/1165/1165 477/1166/1166 586/1163/1163
f 586/1163/1163 477/1166/1166 479/1167/1167
f 586/1163/1163 479/1167/1167 15/1168/1168
f 15/1168/1168 479/1167/1167 481/1169/1169
f 15/1168/1168 481/1169/1169 13/1170/1170
f 13/1170/1170 481/1169/1169 506/1171/1171
f 13/1170/1170 506/1171/1171 505/1172/1172
f 585/1138/1138 582/1137/1137 590/1165/1165
f 590/1165/1165 582/1137/1137 30/1173/1173
f 590/1165/1165 30/1173/1173 151/1174/1174
f 151/1174/1174 30/1173/1173 81/1175/1175
f 151/1174/1174 81/1175/1175 143/1176/1176
f 143/1176/1176 81/1175/1175 89/1177/1177
f 143/1176/1176 89/1177/1177 144/1178/1178
f 144/1178/1178 89/1177/1177 94/1179/1179
f 144/1178/1178 94/1179/1179 93/1180/1180
f 575/1158/1158 578/1160/1160 576/1143/1143
f 576/1143/1143 578/1160/1160 580/1181/1181
f 576/1143/1143 580/1181/1181 255/1182/1182
f 255/1182/1182 580/1181/1181 256/1183/1183
f 256/1183/1183 580/1181/1181 359/1184/1184
f 256/1183/1183 359/1184/1184 370/1185/1185
f 589/1162/1162 17/1186/1186 580/1181/1181
f 580/1181/1181 17/1186/1186 21/1187/1187
f 580/1181/1181 21/1187/1187 23/1188/1188
f 407/1189/1189 475/1190/1190 408/1191/1191
f 408/1191/1191 475/1190/1190 590/1165/1165
f 408/1191/1191 590/1165/1165 151/1174/1174
f 414/1192/1192 438/1193/1193 407/1189/1189
f 407/1189/1189 438/1193/1193 437/1194/1194
f 407/1189/1189 437/1194/1194 436/1195/1195
f 414/1192/1192 413/1196/1196 438/1193/1193
f 438/1193/1193 413/1196/1196 412/1197/1197
f 438/1193/1193 412/1197/1197 427/1198/1198
f 427/1198/1198 412/1197/1197 428/1199/1199
f 428/1199/1199 412/1197/1197 429/1200/1200
f 429/1200/1200 412/1197/1197 430/1201/1201
f 430/1201/1201 412/1197/1197 419/1202/1202
f 419/1202/1202 412/1197/1197 420/1203/1203
f 420/1203/1203 412/1197/1197 422/1204/1204
f 420/1203/1203 422/1204/1204 421/1205/1205
f 412/1197/1197 411/1206/1206 422/1204/1204
f 436/1195/1195 435/1207/1207 407/1189/1189
f 407/1189/1189 435/1207/1207 446/1208/1208
f 407/1189/1189 446/1208/1208 445/1209/1209
f 445/1209/1209 444/1210/1210 407/1189/1189
f 407/1189/1189 444/1210/1210 443/1211/1211
f 407/1189/1189 443/1211/1211 454/1212/1212
f 454/1212/1212 453/1213/1213 407/1189/1189
f 407/1189/1189 453/1213/1213 452/1214/1214
f 407/1189/1189 452/1214/1214 451/1215/1215
f 451/1215/1215 462/1216/1216 407/1189/1189
f 407/1189/1189 462/1216/1216 461/1217/1217
f 407/1189/1189 461/1217/1217 460/1218/1218
f 460/1218/1218 459/1219/1219 407/1189/1189
f 407/1189/1189 459/1219/1219 470/1220/1220
f 407/1189/1189 470/1220/1220 469/1221/1221
f 469/1221/1221 468/1222/1222 407/1189/1189
f 407/1189/1189 468/1222/1222 467/1223/1223
f 407/1189/1189 467/1223/1223 475/1190/1190
f 475/1190/1190 477/1166/1166 590/1165/1165
f 483/1224/1224 498/1225/1225 481/1169/1169
f 481/1169/1169 498/1225/1225 497/1226/1226
f 481/1169/1169 497/1226/1226 496/1227/1227
f 485/1228/1228 490/1229/1229 483/1224/1224
f 483/1224/1224 490/1229/1229 489/1230/1230
f 483/1224/1224 489/1230/1230 488/1231/1231
f 488/1231/1231 487/1232/1232 483/1224/1224
f 483/1224/1224 487/1232/1232 498/1225/1225
f 496/1227/1227 495/1233/1233 481/1169/1169
f 481/1169/1169 495/1233/1233 506/1171/1171
f 505/1172/1172 504/1234/1234 13/1170/1170
f 13/1170/1170 504/1234/1234 503/1235/1235
f 13/1170/1170 503/1235/1235 11/1236/1236
f 11/1236/1236 503/1235/1235 514/1237/1237
f 11/1236/1236 514/1237/1237 513/1238/1238
f 513/1238/1238 512/1239/1239 11/1236/1236
f 11/1236/1236 512/1239/1239 511/1240/1240
f 11/1236/1236 511/1240/1240 335/1241/1241
f 335/1241/1241 511/1240/1240 523/1242/1242
f 335/1241/1241 523/1242/1242 179/1243/1243
f 179/1243/1243 523/1242/1242 522/1244/1244
f 179/1243/1243 522/1244/1244 180/1245/1245
f 180/1245/1245 522/1244/1244 169/1246/1246
f 169/1246/1246 522/1244/1244 521/1247/1247
f 169/1246/1246 521/1247/1247 170/1248/1248
f 170/1248/1248 521/1247/1247 520/1249/1249
f 170/1248/1248 520/1249/1249 171/1250/1250
f 171/1250/1250 520/1249/1249 172/1251/1251
f 172/1251/1251 520/1249/1249 519/1252/1252
f 172/1251/1251 519/1252/1252 161/1253/1253
f 161/1253/1253 519/1252/1252 532/1254/1254
f 161/1253/1253 532/1254/1254 162/1255/1255
f 162/1255/1255 532/1254/1254 163/1256/1256
f 163/1256/1256 532/1254/1254 531/1257/1257
f 163/1256/1256 531/1257/1257 164/1258/1258
f 164/1258/1258 531/1257/1257 530/1259/1259
f 164/1258/1258 530/1259/1259 153/1260/1260
f 153/1260/1260 530/1259/1259 529/1261/1261
f 153/1260/1260 529/1261/1261 154/1262/1262
f 154/1262/1262 529/1261/1261 539/1263/1263
f 154/1262/1262 539/1263/1263 155/1264/1264
f 155/1264/1264 539/1263/1263 538/1265/1265
f 155/1264/1264 538/1265/1265 156/1266/1266
f 156/1266/1266 538/1265/1265 537/1267/1267
f 156/1266/1266 537/1267/1267 151/1174/1174
f 151/1174/1174 537/1267/1267 408/1191/1191
f 255/1182/1182 259/1144/1144 576/1143/1143
f 263/1153/1153 262/1268/1268 227/1151/1151
f 227/1151/1151 262/1268/1268 228/1269/1269
f 228/1269/1269 262/1268/1268 261/1270/1270
f 228/1269/1269 261/1270/1270 272/1271/1271
f 228/1269/1269 272/1271/1271 217/1272/1272
f 217/1272/1272 272/1271/1271 271/1273/1273
f 217/1272/1272 271/1273/1273 218/1274/1274
f 218/1274/1274 271/1273/1273 270/1275/1275
f 218/1274/1274 270/1275/1275 269/1276/1276
f 280/1277/1277 333/1278/1278 269/1276/1276
f 269/1276/1276 333/1278/1278 219/1279/1279
f 269/1276/1276 219/1279/1279 218/1274/1274
f 280/1277/1277 279/1280/1280 333/1278/1278
f 333/1278/1278 279/1280/1280 278/1281/1281
f 333/1278/1278 278/1281/1281 325/1282/1282
f 325/1282/1282 278/1281/1281 277/1283/1283
f 325/1282/1282 277/1283/1283 288/1284/1284
f 288/1284/1284 287/1285/1285 325/1282/1282
f 325/1282/1282 287/1285/1285 286/1286/1286
f 325/1282/1282 286/1286/1286 285/1287/1287
f 285/1287/1287 296/1288/1288 325/1282/1282
f 325/1282/1282 296/1288/1288 326/1289/1289
f 326/1289/1289 296/1288/1288 295/1290/1290
f 326/1289/1289 295/1290/1290 327/1291/1291
f 327/1291/1291 295/1290/1290 328/1292/1292
f 328/1292/1292 295/1290/1290 294/1293/1293
f 328/1292/1292 294/1293/1293 293/1294/1294
f 293/1294/1294 304/1295/1295 328/1292/1292
f 328/1292/1292 304/1295/1295 302/1296/1296
f 328/1292/1292 302/1296/1296 301/1297/1297
f 304/1295/1295 303/1298/1298 302/1296/1296
f 301/1297/1297 312/1299/1299 328/1292/1292
f 328/1292/1292 312/1299/1299 318/1300/1300
f 328/1292/1292 318/1300/1300 317/1301/1301
f 311/1302/1302 310/1303/1303 312/1299/1299
f 312/1299/1299 310/1303/1303 309/1304/1304
f 312/1299/1299 309/1304/1304 320/1305/1305
f 319/1306/1306 318/1300/1300 320/1305/1305
f 320/1305/1305 318/1300/1300 312/1299/1299
f 338/1307/1307 186/1308/1308 333/1278/1278
f 333/1278/1278 186/1308/1308 185/1309/1309
f 333/1278/1278 185/1309/1309 196/1310/1310
f 186/1308/1308 338/1307/1307 187/1311/1311
f 187/1311/1311 338/1307/1307 337/1312/1312
f 187/1311/1311 337/1312/1312 188/1313/1313
f 188/1313/1313 337/1312/1312 177/1314/1314
f 177/1314/1314 337/1312/1312 336/1315/1315
f 177/1314/1314 336/1315/1315 178/1316/1316
f 178/1316/1316 336/1315/1315 335/1241/1241
f 178/1316/1316 335/1241/1241 179/1243/1243
f 335/1241/1241 346/1317/1317 11/1236/1236
f 11/1236/1236 346/1317/1317 345/1318/1318
f 11/1236/1236 345/1318/1318 8/1319/1319
f 8/1319/1319 345/1318/1318 344/1320/1320
f 8/1319/1319 344/1320/1320 343/1321/1321
f 343/1321/1321 354/1322/1322 8/1319/1319
f 8/1319/1319 354/1322/1322 27/1323/1323
f 27/1323/1323 354/1322/1322 353/1324/1324
f 27/1323/1323 353/1324/1324 352/1325/1325
f 352/1325/1325 351/1326/1326 27/1323/1323
f 27/1323/1323 351/1326/1326 362/1327/1327
f 27/1323/1323 362/1327/1327 23/1188/1188
f 23/1188/1188 362/1327/1327 361/1328/1328
f 23/1188/1188 361/1328/1328 360/1329/1329
f 23/1188/1188 360/1329/1329 580/1181/1181
f 580/1181/1181 360/1329/1329 359/1184/1184
f 370/1185/1185 369/1330/1330 256/1183/1183
f 256/1183/1183 369/1330/1330 368/1331/1331
f 256/1183/1183 368/1331/1331 367/1332/1332
f 367/1332/1332 378/1333/1333 256/1183/1183
f 256/1183/1183 378/1333/1333 377/1334/1334
f 256/1183/1183 377/1334/1334 376/1335/1335
f 376/1335/1335 375/1336/1336 256/1183/1183
f 256/1183/1183 375/1336/1336 386/1337/1337
f 256/1183/1183 386/1337/1337 385/1338/1338
f 385/1338/1338 384/1339/1339 256/1183/1183
f 256/1183/1183 384/1339/1339 383/1340/1340
f 256/1183/1183 383/1340/1340 394/1341/1341
f 394/1341/1341 393/1342/1342 256/1183/1183
f 256/1183/1183 393/1342/1342 392/1343/1343
f 256/1183/1183 392/1343/1343 391/1344/1344
f 391/1344/1344 402/1345/1345 256/1183/1183
f 256/1183/1183 402/1345/1345 401/1346/1346
f 256/1183/1183 401/1346/1346 400/1347/1347
f 400/1347/1347 399/1348/1348 256/1183/1183
f 30/1173/1173 29/1349/1349 81/1175/1175
f 81/1175/1175 29/1349/1349 82/1350/1350
f 82/1350/1350 29/1349/1349 36/1351/1351
f 82/1350/1350 36/1351/1351 83/1352/1352
f 83/1352/1352 36/1351/1351 84/1353/1353
f 84/1353/1353 36/1351/1351 66/1354/1354
f 84/1353/1353 66/1354/1354 73/1355/1355
f 73/1355/1355 66/1354/1354 74/1356/1356
f 74/1356/1356 66/1354/1354 76/1357/1357
f 74/1356/1356 76/1357/1357 75/1358/1358
f 35/1359/1359 58/1360/1360 36/1351/1351
f 36/1351/1351 58/1360/1360 57/1361/1361
f 36/1351/1351 57/1361/1361 68/1362/1362
f 34/1363/1363 60/1364/1364 35/1359/1359
f 35/1359/1359 60/1364/1364 59/1365/1365
f 35/1359/1359 59/1365/1365 58/1360/1360
f 33/1366/1366 44/1367/1367 34/1363/1363
f 34/1363/1363 44/1367/1367 43/1368/1368
f 34/1363/1363 43/1368/1368 42/1369/1369
f 42/1369/1369 41/1370/1370 34/1363/1363
f 34/1363/1363 41/1370/1370 52/1371/1371
f 34/1363/1363 52/1371/1371 51/1372/1372
f 51/1372/1372 50/1373/1373 34/1363/1363
f 34/1363/1363 50/1373/1373 49/1374/1374
f 34/1363/1363 49/1374/1374 60/1364/1364
f 68/1362/1362 67/1375/1375 36/1351/1351
f 36/1351/1351 67/1375/1375 66/1354/1354
f 66/1354/1354 65/1376/1376 76/1357/1357
f 93/1180/1180 92/1377/1377 144/1178/1178
f 144/1178/1178 92/1377/1377 91/1378/1378
f 144/1178/1178 91/1378/1378 102/1379/1379
f 101/1380/1380 146/1381/1381 102/1379/1379
f 102/1379/1379 146/1381/1381 145/1382/1382
f 102/1379/1379 145/1382/1382 144/1178/1178
f 101/1380/1380 100/1383/1383 146/1381/1381
f 146/1381/1381 100/1383/1383 135/1384/1384
f 135/1384/1384 100/1383/1383 136/1385/1385
f 136/1385/1385 100/1383/1383 122/1386/1386
f 136/1385/1385 122/1386/1386 121/1387/1387
f 99/1388/1388 108/1389/1389 100/1383/1383
f 100/1383/1383 108/1389/1389 107/1390/1390
f 100/1383/1383 107/1390/1390 122/1386/1386
f 99/1388/1388 112/1391/1391 108/1389/1389
f 108/1389/1389 112/1391/1391 109/1392/1392
f 109/1392/1392 112/1391/1391 111/1393/1393
f 109/1392/1392 111/1393/1393 110/1394/1394
f 121/1387/1387 120/1395/1395 136/1385/1385
f 136/1385/1385 120/1395/1395 119/1396/1396
f 136/1385/1385 119/1396/1396 130/1397/1397
f 129/1398/1398 128/1399/1399 130/1397/1397
f 130/1397/1397 128/1399/1399 127/1400/1400
f 130/1397/1397 127/1400/1400 138/1401/1401
f 137/1402/1402 136/1385/1385 138/1401/1401
f 138/1401/1401 136/1385/1385 130/1397/1397
f 196/1310/1310 195/1403/1403 333/1278/1278
f 333/1278/1278 195/1403/1403 220/1404/1404
f 333/1278/1278 220/1404/1404 219/1279/1279
f 220/1404/1404 195/1403/1403 209/1405/1405
f 209/1405/1405 195/1403/1403 194/1406/1406
f 209/1405/1405 194/1406/1406 193/1407/1407
f 209/1405/1405 193/1407/1407 210/1408/1408
f 210/1408/1408 193/1407/1407 204/1409/1409
f 210/1408/1408 204/1409/1409 211/1410/1410
f 211/1410/1410 204/1409/1409 203/1411/1411
f 211/1410/1410 203/1411/1411 212/1412/1412
f 212/1412/1412 203/1411/1411 202/1413/1413
f 212/1412/1412 202/1413/1413 201/1414/1414
f 233/1145/1145 244/1415/1415 582/1137/1137
f 582/1137/1137 244/1415/1415 243/1416/1416
f 582/1137/1137 243/1416/1416 242/1417/1417
f 242/1417/1417 241/1418/1418 582/1137/1137
f 582/1137/1137 241/1418/1418 251/1419/1419
f 582/1137/1137 251/1419/1419 250/1420/1420
f 250/1420/1420 249/1421/1421 582/1137/1137
f 582/1137/1137 249/1421/1421 30/1173/1173
f 8/1319/1319 7/1422/1422 11/1236/1236
f 586/1163/1163 15/1168/1168 589/1162/1162
f 589/1162/1162 15/1168/1168 17/1186/1186
f 17/1186/1186 19/1423/1423 21/1187/1187
f 23/1188/1188 25/1424/1424 27/1323/1323
f 596/1425/1425 597/1426/1426 595/1427/1427
f 595/1427/1427 597/1426/1426 598/1428/1428
f 599/1429/1429 600/1430/1430 596/1431/1431
f 596/1431/1431 600/1430/1430 597/1432/1432
f 597/1433/1433 600/1434/1434 598/1435/1435
f 598/1435/1435 600/1434/1434 601/1436/1436
f 602/1437/1437 601/1438/1438 599/1439/1439
f 599/1439/1439 601/1438/1438 600/1440/1440
f 595/1441/1441 598/1442/1442 602/1443/1443
f 602/1443/1443 598/1442/1442 601/1444/1444
f 604/1445/1445 605/1446/1446 603/1447/1447
f 603/1447/1447 605/1446/1446 606/1448/1448
f 607/1449/1449 608/1450/1450 604/1451/1451
f 604/1451/1451 608/1450/1450 605/1452/1452
f 605/1453/1453 608/1454/1454 606/1455/1455
f 606/1455/1455 608/1454/1454 609/1456/1456
f 610/1457/1457 609/1458/1458 607/1459/1459
f 607/1459/1459 609/1458/1458 608/1460/1460
f 603/1461/1461 606/1462/1462 610/1463/1463
f 610/1463/1463 606/1462/1462 609/1464/1464
f 612/1465/1465 613/1466/1466 611/1467/1467
f 611/1467/1467 613/1466/1466 614/1468/1468
f 615/1469/1469 616/1470/1470 612/1471/1471
f 612/1471/1471 616/1470/1470 613/1472/1472
f 613/1473/1473 616/1474/1474 614/1475/1475
f 614/1475/1475 616/1474/1474 617/1476/1476
f 618/1477/1477 617/1478/1478 615/1479/1479
f 615/1479/1479 617/1478/1478 616/1480/1480
f 611/1481/1481 614/1482/1482 618/1483/1483
f 618/1483/1483 614/1482/1482 617/1484/1484
f 620/1485/1485 621/1486/1486 619/1487/1487
f 619/1487/1487 621/1486/1486 622/1488/1488
f 623/1489/1489 624/1490/1490 620/1491/1491
f 620/1491/1491 624/1490/1490 621/1492/1492
f 621/1493/1493 624/1494/1494 622/1495/1495
f 622/1495/1495 624/1494/1494 625/1496/1496
f 626/1497/1497 625/1498/1498 623/1499/1499
f 623/1499/1499 625/1498/1498 624/1500/1500
f 619/1501/1501 622/1502/1502 626/1503/1503
f 626/1503/1503 622/1502/1502 625/1504/1504
f 628/1505/1505 592/1506/1506 627/1507/1507
f 627/1507/1507 592/1506/1506 591/1508/1508
f 629/1509/1509 593/1510/1510 628/1511/1511
f 628/1511/1511 593/1510/1510 592/1512/1512
f 627/1513/1513 591/1514/1514 630/1515/1515
f 630/1515/1515 591/1514/1514 594/1516/1516
f 630/1517/1517 594/1518/1518 629/1519/1519
f 629/1519/1519 594/1518/1518 593/1520/1520
f 630/1521/1521 629/1522/1522 631/1523/1523
f 631/1523/1523 629/1522/1522 628/1524/1524
f 631/1523/1523 628/1524/1524 634/1525/1525
f 634/1525/1525 628/1524/1524 627/1526/1526
f 634/1525/1525 627/1526/1526 633/1527/1527
f 633/1527/1527 627/1526/1526 630/1521/1521
f 633/1527/1527 630/1521/1521 632/1528/1528
f 632/1528/1528 630/1521/1521 631/1523/1523
f 596/1529/1529 626/1530/1530 599/1531/1531
f 599/1531/1531 626/1530/1530 637/1532/1532
f 599/1531/1531 637/1532/1532 638/1533/1533
f 595/1534/1534 610/1535/1535 596/1529/1529
f 596/1529/1529 610/1535/1535 607/1536/1536
f 596/1529/1529 607/1536/1536 619/1537/1537
f 619/1537/1537 607/1536/1536 618/1538/1538
f 619/1537/1537 618/1538/1538 620/1539/1539
f 620/1539/1539 618/1538/1538 615/1540/1540
f 620/1539/1539 615/1540/1540 637/1532/1532
f 637/1532/1532 615/1540/1540 636/1541/1541
f 636/1541/1541 615/1540/1540 612/1542/1542
f 636/1541/1541 612/1542/1542 611/1543/1543
f 602/1544/1544 638/1533/1533 595/1534/1534
f 595/1534/1534 638/1533/1533 635/1545/1545
f 595/1534/1534 635/1545/1545 610/1535/1535
f 610/1535/1535 635/1545/1545 603/1546/1546
f 603/1546/1546 635/1545/1545 604/1547/1547
f 604/1547/1547 635/1545/1545 636/1541/1541
f 604/1547/1547 636/1541/1541 611/1543/1543
f 602/1544/1544 599/1531/1531 638/1533/1533
f 607/1536/1536 604/1547/1547 618/1538/1538
f 618/1538/1538 604/1547/1547 611/1543/1543
f 626/1530/1530 623/1548/1548 637/1532/1532
f 637/1532/1532 623/1548/1548 620/1539/1539
f 619/1537/1537 626/1530/1530 596/1529/1529
f 634/1549/1549 637/1550/1550 631/1551/1551
f 631/1551/1551 637/1550/1550 636/1552/1552
f 633/1553/1553 638/1554/1554 634/1555/1555
f 634/1555/1555 638/1554/1554 637/1556/1556
f 632/1557/1557 635/1558/1558 633/1559/1559
f 633/1559/1559 635/1558/1558 638/1560/1560
f 631/1561/1561 636/1562/1562 632/1563/1563
f 632/1563/1563 636/1562/1562 635/1564/1564
# 638 vertices
# 1564 texture params
# 1564 normals
# 1272 facets

# 1 groups
